--
-- PostgreSQL database dump
--

-- Dumped from database version 15.6 (Debian 15.6-1.pgdg120+2)
-- Dumped by pg_dump version 15.6 (Debian 15.6-1.pgdg120+2)

SET statement_timeout = 0;
SET lock_timeout = 0;
SET idle_in_transaction_session_timeout = 0;
SET client_encoding = 'UTF8';
SET standard_conforming_strings = on;
SELECT pg_catalog.set_config('search_path', '', false);
SET check_function_bodies = false;
SET xmloption = content;
SET client_min_messages = warning;
SET row_security = off;

ALTER TABLE IF EXISTS ONLY keycloak.identity_provider_config DROP CONSTRAINT IF EXISTS fkdc4897cf864c4e43;
ALTER TABLE IF EXISTS ONLY keycloak.policy_config DROP CONSTRAINT IF EXISTS fkdc34197cf864c4e43;
ALTER TABLE IF EXISTS ONLY keycloak.user_group_membership DROP CONSTRAINT IF EXISTS fk_user_group_user;
ALTER TABLE IF EXISTS ONLY keycloak.user_federation_config DROP CONSTRAINT IF EXISTS fk_t13hpu1j94r2ebpekr39x5eu5;
ALTER TABLE IF EXISTS ONLY keycloak.realm_supported_locales DROP CONSTRAINT IF EXISTS fk_supported_locales_realm;
ALTER TABLE IF EXISTS ONLY keycloak.role_attribute DROP CONSTRAINT IF EXISTS fk_role_attribute_id;
ALTER TABLE IF EXISTS ONLY keycloak.resource_uris DROP CONSTRAINT IF EXISTS fk_resource_server_uris;
ALTER TABLE IF EXISTS ONLY keycloak.required_action_provider DROP CONSTRAINT IF EXISTS fk_req_act_realm;
ALTER TABLE IF EXISTS ONLY keycloak.default_client_scope DROP CONSTRAINT IF EXISTS fk_r_def_cli_scope_realm;
ALTER TABLE IF EXISTS ONLY keycloak.protocol_mapper_config DROP CONSTRAINT IF EXISTS fk_pmconfig;
ALTER TABLE IF EXISTS ONLY keycloak.credential DROP CONSTRAINT IF EXISTS fk_pfyr0glasqyl0dei3kl69r6v0;
ALTER TABLE IF EXISTS ONLY keycloak.protocol_mapper DROP CONSTRAINT IF EXISTS fk_pcm_realm;
ALTER TABLE IF EXISTS ONLY keycloak.scope_mapping DROP CONSTRAINT IF EXISTS fk_ouse064plmlr732lxjcn1q5f1;
ALTER TABLE IF EXISTS ONLY keycloak.web_origins DROP CONSTRAINT IF EXISTS fk_lojpho213xcx4wnkog82ssrfy;
ALTER TABLE IF EXISTS ONLY keycloak.idp_mapper_config DROP CONSTRAINT IF EXISTS fk_idpmconfig;
ALTER TABLE IF EXISTS ONLY keycloak.identity_provider_mapper DROP CONSTRAINT IF EXISTS fk_idpm_realm;
ALTER TABLE IF EXISTS ONLY keycloak.realm_events_listeners DROP CONSTRAINT IF EXISTS fk_h846o4h0w8epx5nxev9f5y69j;
ALTER TABLE IF EXISTS ONLY keycloak.realm_enabled_event_types DROP CONSTRAINT IF EXISTS fk_h846o4h0w8epx5nwedrf5y69j;
ALTER TABLE IF EXISTS ONLY keycloak.group_role_mapping DROP CONSTRAINT IF EXISTS fk_group_role_group;
ALTER TABLE IF EXISTS ONLY keycloak.group_attribute DROP CONSTRAINT IF EXISTS fk_group_attribute_group;
ALTER TABLE IF EXISTS ONLY keycloak.user_consent DROP CONSTRAINT IF EXISTS fk_grntcsnt_user;
ALTER TABLE IF EXISTS ONLY keycloak.user_consent_client_scope DROP CONSTRAINT IF EXISTS fk_grntcsnt_clsc_usc;
ALTER TABLE IF EXISTS ONLY keycloak.composite_role DROP CONSTRAINT IF EXISTS fk_gr7thllb9lu8q4vqa4524jjy8;
ALTER TABLE IF EXISTS ONLY keycloak.resource_server_scope DROP CONSTRAINT IF EXISTS fk_frsrso213xcx4wnkog82ssrfy;
ALTER TABLE IF EXISTS ONLY keycloak.resource_scope DROP CONSTRAINT IF EXISTS fk_frsrps213xcx4wnkog82ssrfy;
ALTER TABLE IF EXISTS ONLY keycloak.resource_policy DROP CONSTRAINT IF EXISTS fk_frsrpp213xcx4wnkog82ssrfy;
ALTER TABLE IF EXISTS ONLY keycloak.resource_policy DROP CONSTRAINT IF EXISTS fk_frsrpos53xcx4wnkog82ssrfy;
ALTER TABLE IF EXISTS ONLY keycloak.resource_scope DROP CONSTRAINT IF EXISTS fk_frsrpos13xcx4wnkog82ssrfy;
ALTER TABLE IF EXISTS ONLY keycloak.resource_server_policy DROP CONSTRAINT IF EXISTS fk_frsrpo213xcx4wnkog82ssrfy;
ALTER TABLE IF EXISTS ONLY keycloak.resource_server_perm_ticket DROP CONSTRAINT IF EXISTS fk_frsrpo2128cx4wnkog82ssrfy;
ALTER TABLE IF EXISTS ONLY keycloak.scope_policy DROP CONSTRAINT IF EXISTS fk_frsrpass3xcx4wnkog82ssrfy;
ALTER TABLE IF EXISTS ONLY keycloak.associated_policy DROP CONSTRAINT IF EXISTS fk_frsrpas14xcx4wnkog82ssrfy;
ALTER TABLE IF EXISTS ONLY keycloak.resource_server_perm_ticket DROP CONSTRAINT IF EXISTS fk_frsrho213xcx4wnkog84sspmt;
ALTER TABLE IF EXISTS ONLY keycloak.resource_server_perm_ticket DROP CONSTRAINT IF EXISTS fk_frsrho213xcx4wnkog83sspmt;
ALTER TABLE IF EXISTS ONLY keycloak.resource_server_resource DROP CONSTRAINT IF EXISTS fk_frsrho213xcx4wnkog82ssrfy;
ALTER TABLE IF EXISTS ONLY keycloak.resource_server_perm_ticket DROP CONSTRAINT IF EXISTS fk_frsrho213xcx4wnkog82sspmt;
ALTER TABLE IF EXISTS ONLY keycloak.scope_policy DROP CONSTRAINT IF EXISTS fk_frsrasp13xcx4wnkog82ssrfy;
ALTER TABLE IF EXISTS ONLY keycloak.associated_policy DROP CONSTRAINT IF EXISTS fk_frsr5s213xcx4wnkog82ssrfy;
ALTER TABLE IF EXISTS ONLY keycloak.user_federation_mapper DROP CONSTRAINT IF EXISTS fk_fedmapperpm_realm;
ALTER TABLE IF EXISTS ONLY keycloak.user_federation_mapper DROP CONSTRAINT IF EXISTS fk_fedmapperpm_fedprv;
ALTER TABLE IF EXISTS ONLY keycloak.user_federation_mapper_config DROP CONSTRAINT IF EXISTS fk_fedmapper_cfg;
ALTER TABLE IF EXISTS ONLY keycloak.realm_default_groups DROP CONSTRAINT IF EXISTS fk_def_groups_realm;
ALTER TABLE IF EXISTS ONLY keycloak.component DROP CONSTRAINT IF EXISTS fk_component_realm;
ALTER TABLE IF EXISTS ONLY keycloak.component_config DROP CONSTRAINT IF EXISTS fk_component_config;
ALTER TABLE IF EXISTS ONLY keycloak.client_initial_access DROP CONSTRAINT IF EXISTS fk_client_init_acc_realm;
ALTER TABLE IF EXISTS ONLY keycloak.protocol_mapper DROP CONSTRAINT IF EXISTS fk_cli_scope_mapper;
ALTER TABLE IF EXISTS ONLY keycloak.client_user_session_note DROP CONSTRAINT IF EXISTS fk_cl_usr_ses_note;
ALTER TABLE IF EXISTS ONLY keycloak.client_scope_role_mapping DROP CONSTRAINT IF EXISTS fk_cl_scope_rm_scope;
ALTER TABLE IF EXISTS ONLY keycloak.client_scope_attributes DROP CONSTRAINT IF EXISTS fk_cl_scope_attr_scope;
ALTER TABLE IF EXISTS ONLY keycloak.user_role_mapping DROP CONSTRAINT IF EXISTS fk_c4fqv34p1mbylloxang7b1q3l;
ALTER TABLE IF EXISTS ONLY keycloak.client_session DROP CONSTRAINT IF EXISTS fk_b4ao2vcvat6ukau74wbwtfqo1;
ALTER TABLE IF EXISTS ONLY keycloak.authenticator_config DROP CONSTRAINT IF EXISTS fk_auth_realm;
ALTER TABLE IF EXISTS ONLY keycloak.authentication_flow DROP CONSTRAINT IF EXISTS fk_auth_flow_realm;
ALTER TABLE IF EXISTS ONLY keycloak.authentication_execution DROP CONSTRAINT IF EXISTS fk_auth_exec_realm;
ALTER TABLE IF EXISTS ONLY keycloak.authentication_execution DROP CONSTRAINT IF EXISTS fk_auth_exec_flow;
ALTER TABLE IF EXISTS ONLY keycloak.composite_role DROP CONSTRAINT IF EXISTS fk_a63wvekftu8jo1pnj81e7mce2;
ALTER TABLE IF EXISTS ONLY keycloak.realm_attribute DROP CONSTRAINT IF EXISTS fk_8shxd6l3e9atqukacxgpffptw;
ALTER TABLE IF EXISTS ONLY keycloak.realm_smtp_config DROP CONSTRAINT IF EXISTS fk_70ej8xdxgxd0b9hh6180irr0o;
ALTER TABLE IF EXISTS ONLY keycloak.keycloak_role DROP CONSTRAINT IF EXISTS fk_6vyqfe4cn4wlq8r6kt5vdsj5c;
ALTER TABLE IF EXISTS ONLY keycloak.user_required_action DROP CONSTRAINT IF EXISTS fk_6qj3w1jw9cvafhe19bwsiuvmd;
ALTER TABLE IF EXISTS ONLY keycloak.user_attribute DROP CONSTRAINT IF EXISTS fk_5hrm2vlf9ql5fu043kqepovbr;
ALTER TABLE IF EXISTS ONLY keycloak.resource_attribute DROP CONSTRAINT IF EXISTS fk_5hrm2vlf9ql5fu022kqepovbr;
ALTER TABLE IF EXISTS ONLY keycloak.realm_required_credential DROP CONSTRAINT IF EXISTS fk_5hg65lybevavkqfki3kponh9v;
ALTER TABLE IF EXISTS ONLY keycloak.client_session_prot_mapper DROP CONSTRAINT IF EXISTS fk_33a8sgqw18i532811v7o2dk89;
ALTER TABLE IF EXISTS ONLY keycloak.user_federation_provider DROP CONSTRAINT IF EXISTS fk_1fj32f6ptolw2qy60cd8n01e8;
ALTER TABLE IF EXISTS ONLY keycloak.redirect_uris DROP CONSTRAINT IF EXISTS fk_1burs8pb4ouj97h5wuppahv9f;
ALTER TABLE IF EXISTS ONLY keycloak.client_session_role DROP CONSTRAINT IF EXISTS fk_11b7sgqw18i532811v7o2dv76;
ALTER TABLE IF EXISTS ONLY keycloak.user_session_note DROP CONSTRAINT IF EXISTS fk5edfb00ff51d3472;
ALTER TABLE IF EXISTS ONLY keycloak.client_session_note DROP CONSTRAINT IF EXISTS fk5edfb00ff51c2736;
ALTER TABLE IF EXISTS ONLY keycloak.client_node_registrations DROP CONSTRAINT IF EXISTS fk4129723ba992f594;
ALTER TABLE IF EXISTS ONLY keycloak.federated_identity DROP CONSTRAINT IF EXISTS fk404288b92ef007a6;
ALTER TABLE IF EXISTS ONLY keycloak.client_attributes DROP CONSTRAINT IF EXISTS fk3c47c64beacca966;
ALTER TABLE IF EXISTS ONLY keycloak.identity_provider DROP CONSTRAINT IF EXISTS fk2b4ebc52ae5c3b34;
ALTER TABLE IF EXISTS ONLY keycloak.client_session_auth_status DROP CONSTRAINT IF EXISTS auth_status_constraint;
DROP INDEX IF EXISTS keycloak.user_attr_long_values_lower_case;
DROP INDEX IF EXISTS keycloak.user_attr_long_values;
DROP INDEX IF EXISTS keycloak.idx_web_orig_client;
DROP INDEX IF EXISTS keycloak.idx_usr_fed_prv_realm;
DROP INDEX IF EXISTS keycloak.idx_usr_fed_map_realm;
DROP INDEX IF EXISTS keycloak.idx_usr_fed_map_fed_prv;
DROP INDEX IF EXISTS keycloak.idx_user_service_account;
DROP INDEX IF EXISTS keycloak.idx_user_role_mapping;
DROP INDEX IF EXISTS keycloak.idx_user_reqactions;
DROP INDEX IF EXISTS keycloak.idx_user_group_mapping;
DROP INDEX IF EXISTS keycloak.idx_user_email;
DROP INDEX IF EXISTS keycloak.idx_user_credential;
DROP INDEX IF EXISTS keycloak.idx_user_consent;
DROP INDEX IF EXISTS keycloak.idx_user_attribute_name;
DROP INDEX IF EXISTS keycloak.idx_user_attribute;
DROP INDEX IF EXISTS keycloak.idx_usconsent_clscope;
DROP INDEX IF EXISTS keycloak.idx_us_sess_id_on_cl_sess;
DROP INDEX IF EXISTS keycloak.idx_update_time;
DROP INDEX IF EXISTS keycloak.idx_scope_policy_policy;
DROP INDEX IF EXISTS keycloak.idx_scope_mapping_role;
DROP INDEX IF EXISTS keycloak.idx_role_clscope;
DROP INDEX IF EXISTS keycloak.idx_role_attribute;
DROP INDEX IF EXISTS keycloak.idx_res_srv_scope_res_srv;
DROP INDEX IF EXISTS keycloak.idx_res_srv_res_res_srv;
DROP INDEX IF EXISTS keycloak.idx_res_serv_pol_res_serv;
DROP INDEX IF EXISTS keycloak.idx_res_scope_scope;
DROP INDEX IF EXISTS keycloak.idx_res_policy_policy;
DROP INDEX IF EXISTS keycloak.idx_req_act_prov_realm;
DROP INDEX IF EXISTS keycloak.idx_redir_uri_client;
DROP INDEX IF EXISTS keycloak.idx_realm_supp_local_realm;
DROP INDEX IF EXISTS keycloak.idx_realm_master_adm_cli;
DROP INDEX IF EXISTS keycloak.idx_realm_evt_types_realm;
DROP INDEX IF EXISTS keycloak.idx_realm_evt_list_realm;
DROP INDEX IF EXISTS keycloak.idx_realm_def_grp_realm;
DROP INDEX IF EXISTS keycloak.idx_realm_clscope;
DROP INDEX IF EXISTS keycloak.idx_realm_attr_realm;
DROP INDEX IF EXISTS keycloak.idx_protocol_mapper_client;
DROP INDEX IF EXISTS keycloak.idx_offline_uss_preload;
DROP INDEX IF EXISTS keycloak.idx_offline_uss_createdon;
DROP INDEX IF EXISTS keycloak.idx_offline_uss_by_usersess;
DROP INDEX IF EXISTS keycloak.idx_offline_uss_by_user;
DROP INDEX IF EXISTS keycloak.idx_offline_css_preload;
DROP INDEX IF EXISTS keycloak.idx_keycloak_role_realm;
DROP INDEX IF EXISTS keycloak.idx_keycloak_role_client;
DROP INDEX IF EXISTS keycloak.idx_ident_prov_realm;
DROP INDEX IF EXISTS keycloak.idx_id_prov_mapp_realm;
DROP INDEX IF EXISTS keycloak.idx_group_role_mapp_group;
DROP INDEX IF EXISTS keycloak.idx_group_attr_group;
DROP INDEX IF EXISTS keycloak.idx_group_att_by_name_value;
DROP INDEX IF EXISTS keycloak.idx_fu_role_mapping_ru;
DROP INDEX IF EXISTS keycloak.idx_fu_role_mapping;
DROP INDEX IF EXISTS keycloak.idx_fu_required_action_ru;
DROP INDEX IF EXISTS keycloak.idx_fu_required_action;
DROP INDEX IF EXISTS keycloak.idx_fu_group_membership_ru;
DROP INDEX IF EXISTS keycloak.idx_fu_group_membership;
DROP INDEX IF EXISTS keycloak.idx_fu_credential_ru;
DROP INDEX IF EXISTS keycloak.idx_fu_credential;
DROP INDEX IF EXISTS keycloak.idx_fu_consent_ru;
DROP INDEX IF EXISTS keycloak.idx_fu_consent;
DROP INDEX IF EXISTS keycloak.idx_fu_cnsnt_ext;
DROP INDEX IF EXISTS keycloak.idx_fu_attribute;
DROP INDEX IF EXISTS keycloak.idx_fedidentity_user;
DROP INDEX IF EXISTS keycloak.idx_fedidentity_feduser;
DROP INDEX IF EXISTS keycloak.idx_event_time;
DROP INDEX IF EXISTS keycloak.idx_defcls_scope;
DROP INDEX IF EXISTS keycloak.idx_defcls_realm;
DROP INDEX IF EXISTS keycloak.idx_composite_child;
DROP INDEX IF EXISTS keycloak.idx_composite;
DROP INDEX IF EXISTS keycloak.idx_component_realm;
DROP INDEX IF EXISTS keycloak.idx_component_provider_type;
DROP INDEX IF EXISTS keycloak.idx_compo_config_compo;
DROP INDEX IF EXISTS keycloak.idx_clscope_role;
DROP INDEX IF EXISTS keycloak.idx_clscope_protmap;
DROP INDEX IF EXISTS keycloak.idx_clscope_cl;
DROP INDEX IF EXISTS keycloak.idx_clscope_attrs;
DROP INDEX IF EXISTS keycloak.idx_client_session_session;
DROP INDEX IF EXISTS keycloak.idx_client_init_acc_realm;
DROP INDEX IF EXISTS keycloak.idx_client_id;
DROP INDEX IF EXISTS keycloak.idx_client_att_by_name_value;
DROP INDEX IF EXISTS keycloak.idx_cl_clscope;
DROP INDEX IF EXISTS keycloak.idx_auth_flow_realm;
DROP INDEX IF EXISTS keycloak.idx_auth_exec_realm_flow;
DROP INDEX IF EXISTS keycloak.idx_auth_exec_flow;
DROP INDEX IF EXISTS keycloak.idx_auth_config_realm;
DROP INDEX IF EXISTS keycloak.idx_assoc_pol_assoc_pol_id;
DROP INDEX IF EXISTS keycloak.idx_admin_event_time;
DROP INDEX IF EXISTS keycloak.fed_user_attr_long_values_lower_case;
DROP INDEX IF EXISTS keycloak.fed_user_attr_long_values;
ALTER TABLE IF EXISTS ONLY keycloak.user_entity DROP CONSTRAINT IF EXISTS uk_ru8tt6t700s9v50bu18ws5ha6;
ALTER TABLE IF EXISTS ONLY keycloak.realm DROP CONSTRAINT IF EXISTS uk_orvsdmla56612eaefiq6wl5oi;
ALTER TABLE IF EXISTS ONLY keycloak.user_consent DROP CONSTRAINT IF EXISTS uk_jkuwuvd56ontgsuhogm8uewrt;
ALTER TABLE IF EXISTS ONLY keycloak.resource_server_scope DROP CONSTRAINT IF EXISTS uk_frsrst700s9v50bu18ws5ha6;
ALTER TABLE IF EXISTS ONLY keycloak.resource_server_policy DROP CONSTRAINT IF EXISTS uk_frsrpt700s9v50bu18ws5ha6;
ALTER TABLE IF EXISTS ONLY keycloak.resource_server_perm_ticket DROP CONSTRAINT IF EXISTS uk_frsr6t700s9v50bu18ws5pmt;
ALTER TABLE IF EXISTS ONLY keycloak.resource_server_resource DROP CONSTRAINT IF EXISTS uk_frsr6t700s9v50bu18ws5ha6;
ALTER TABLE IF EXISTS ONLY keycloak.user_entity DROP CONSTRAINT IF EXISTS uk_dykn684sl8up1crfei6eckhd7;
ALTER TABLE IF EXISTS ONLY keycloak.client_scope DROP CONSTRAINT IF EXISTS uk_cli_scope;
ALTER TABLE IF EXISTS ONLY keycloak.client DROP CONSTRAINT IF EXISTS uk_b71cjlbenv945rb6gcon438at;
ALTER TABLE IF EXISTS ONLY keycloak.identity_provider DROP CONSTRAINT IF EXISTS uk_2daelwnibji49avxsrtuf6xj33;
ALTER TABLE IF EXISTS ONLY keycloak.keycloak_group DROP CONSTRAINT IF EXISTS sibling_names;
ALTER TABLE IF EXISTS ONLY keycloak.resource_attribute DROP CONSTRAINT IF EXISTS res_attr_pk;
ALTER TABLE IF EXISTS ONLY keycloak.realm_localizations DROP CONSTRAINT IF EXISTS realm_localizations_pkey;
ALTER TABLE IF EXISTS ONLY keycloak.default_client_scope DROP CONSTRAINT IF EXISTS r_def_cli_scope_bind;
ALTER TABLE IF EXISTS ONLY keycloak.client_scope_role_mapping DROP CONSTRAINT IF EXISTS pk_template_scope;
ALTER TABLE IF EXISTS ONLY keycloak.resource_server DROP CONSTRAINT IF EXISTS pk_resource_server;
ALTER TABLE IF EXISTS ONLY keycloak.client_scope DROP CONSTRAINT IF EXISTS pk_cli_template;
ALTER TABLE IF EXISTS ONLY keycloak.client_scope_attributes DROP CONSTRAINT IF EXISTS pk_cl_tmpl_attr;
ALTER TABLE IF EXISTS ONLY keycloak.databasechangeloglock DROP CONSTRAINT IF EXISTS databasechangeloglock_pkey;
ALTER TABLE IF EXISTS ONLY keycloak.web_origins DROP CONSTRAINT IF EXISTS constraint_web_origins;
ALTER TABLE IF EXISTS ONLY keycloak.user_session_note DROP CONSTRAINT IF EXISTS constraint_usn_pk;
ALTER TABLE IF EXISTS ONLY keycloak.user_group_membership DROP CONSTRAINT IF EXISTS constraint_user_group;
ALTER TABLE IF EXISTS ONLY keycloak.user_attribute DROP CONSTRAINT IF EXISTS constraint_user_attribute_pk;
ALTER TABLE IF EXISTS ONLY keycloak.role_attribute DROP CONSTRAINT IF EXISTS constraint_role_attribute_pk;
ALTER TABLE IF EXISTS ONLY keycloak.resource_uris DROP CONSTRAINT IF EXISTS constraint_resour_uris_pk;
ALTER TABLE IF EXISTS ONLY keycloak.user_required_action DROP CONSTRAINT IF EXISTS constraint_required_action;
ALTER TABLE IF EXISTS ONLY keycloak.required_action_provider DROP CONSTRAINT IF EXISTS constraint_req_act_prv_pk;
ALTER TABLE IF EXISTS ONLY keycloak.required_action_config DROP CONSTRAINT IF EXISTS constraint_req_act_cfg_pk;
ALTER TABLE IF EXISTS ONLY keycloak.redirect_uris DROP CONSTRAINT IF EXISTS constraint_redirect_uris;
ALTER TABLE IF EXISTS ONLY keycloak.protocol_mapper_config DROP CONSTRAINT IF EXISTS constraint_pmconfig;
ALTER TABLE IF EXISTS ONLY keycloak.protocol_mapper DROP CONSTRAINT IF EXISTS constraint_pcm;
ALTER TABLE IF EXISTS ONLY keycloak.offline_user_session DROP CONSTRAINT IF EXISTS constraint_offl_us_ses_pk2;
ALTER TABLE IF EXISTS ONLY keycloak.offline_client_session DROP CONSTRAINT IF EXISTS constraint_offl_cl_ses_pk3;
ALTER TABLE IF EXISTS ONLY keycloak.migration_model DROP CONSTRAINT IF EXISTS constraint_migmod;
ALTER TABLE IF EXISTS ONLY keycloak.idp_mapper_config DROP CONSTRAINT IF EXISTS constraint_idpmconfig;
ALTER TABLE IF EXISTS ONLY keycloak.identity_provider_mapper DROP CONSTRAINT IF EXISTS constraint_idpm;
ALTER TABLE IF EXISTS ONLY keycloak.group_role_mapping DROP CONSTRAINT IF EXISTS constraint_group_role;
ALTER TABLE IF EXISTS ONLY keycloak.group_attribute DROP CONSTRAINT IF EXISTS constraint_group_attribute_pk;
ALTER TABLE IF EXISTS ONLY keycloak.keycloak_group DROP CONSTRAINT IF EXISTS constraint_group;
ALTER TABLE IF EXISTS ONLY keycloak.user_consent DROP CONSTRAINT IF EXISTS constraint_grntcsnt_pm;
ALTER TABLE IF EXISTS ONLY keycloak.user_consent_client_scope DROP CONSTRAINT IF EXISTS constraint_grntcsnt_clsc_pm;
ALTER TABLE IF EXISTS ONLY keycloak.fed_user_consent_cl_scope DROP CONSTRAINT IF EXISTS constraint_fgrntcsnt_clsc_pm;
ALTER TABLE IF EXISTS ONLY keycloak.user_federation_mapper DROP CONSTRAINT IF EXISTS constraint_fedmapperpm;
ALTER TABLE IF EXISTS ONLY keycloak.user_federation_mapper_config DROP CONSTRAINT IF EXISTS constraint_fedmapper_cfg_pm;
ALTER TABLE IF EXISTS ONLY keycloak.user_entity DROP CONSTRAINT IF EXISTS constraint_fb;
ALTER TABLE IF EXISTS ONLY keycloak.scope_policy DROP CONSTRAINT IF EXISTS constraint_farsrsps;
ALTER TABLE IF EXISTS ONLY keycloak.resource_scope DROP CONSTRAINT IF EXISTS constraint_farsrsp;
ALTER TABLE IF EXISTS ONLY keycloak.resource_server_scope DROP CONSTRAINT IF EXISTS constraint_farsrs;
ALTER TABLE IF EXISTS ONLY keycloak.resource_policy DROP CONSTRAINT IF EXISTS constraint_farsrpp;
ALTER TABLE IF EXISTS ONLY keycloak.associated_policy DROP CONSTRAINT IF EXISTS constraint_farsrpap;
ALTER TABLE IF EXISTS ONLY keycloak.resource_server_policy DROP CONSTRAINT IF EXISTS constraint_farsrp;
ALTER TABLE IF EXISTS ONLY keycloak.resource_server_resource DROP CONSTRAINT IF EXISTS constraint_farsr;
ALTER TABLE IF EXISTS ONLY keycloak.resource_server_perm_ticket DROP CONSTRAINT IF EXISTS constraint_fapmt;
ALTER TABLE IF EXISTS ONLY keycloak.user_federation_config DROP CONSTRAINT IF EXISTS constraint_f9;
ALTER TABLE IF EXISTS ONLY keycloak.credential DROP CONSTRAINT IF EXISTS constraint_f;
ALTER TABLE IF EXISTS ONLY keycloak.realm_smtp_config DROP CONSTRAINT IF EXISTS constraint_e;
ALTER TABLE IF EXISTS ONLY keycloak.policy_config DROP CONSTRAINT IF EXISTS constraint_dpc;
ALTER TABLE IF EXISTS ONLY keycloak.identity_provider_config DROP CONSTRAINT IF EXISTS constraint_d;
ALTER TABLE IF EXISTS ONLY keycloak.client_session_prot_mapper DROP CONSTRAINT IF EXISTS constraint_cs_pmp_pk;
ALTER TABLE IF EXISTS ONLY keycloak.composite_role DROP CONSTRAINT IF EXISTS constraint_composite_role;
ALTER TABLE IF EXISTS ONLY keycloak.user_role_mapping DROP CONSTRAINT IF EXISTS constraint_c;
ALTER TABLE IF EXISTS ONLY keycloak.client_session_auth_status DROP CONSTRAINT IF EXISTS constraint_auth_status_pk;
ALTER TABLE IF EXISTS ONLY keycloak.authenticator_config DROP CONSTRAINT IF EXISTS constraint_auth_pk;
ALTER TABLE IF EXISTS ONLY keycloak.authentication_flow DROP CONSTRAINT IF EXISTS constraint_auth_flow_pk;
ALTER TABLE IF EXISTS ONLY keycloak.authentication_execution DROP CONSTRAINT IF EXISTS constraint_auth_exec_pk;
ALTER TABLE IF EXISTS ONLY keycloak.authenticator_config_entry DROP CONSTRAINT IF EXISTS constraint_auth_cfg_pk;
ALTER TABLE IF EXISTS ONLY keycloak.admin_event_entity DROP CONSTRAINT IF EXISTS constraint_admin_event_entity;
ALTER TABLE IF EXISTS ONLY keycloak.keycloak_role DROP CONSTRAINT IF EXISTS constraint_a;
ALTER TABLE IF EXISTS ONLY keycloak.realm_required_credential DROP CONSTRAINT IF EXISTS constraint_92;
ALTER TABLE IF EXISTS ONLY keycloak.realm_attribute DROP CONSTRAINT IF EXISTS constraint_9;
ALTER TABLE IF EXISTS ONLY keycloak.client_node_registrations DROP CONSTRAINT IF EXISTS constraint_84;
ALTER TABLE IF EXISTS ONLY keycloak.scope_mapping DROP CONSTRAINT IF EXISTS constraint_81;
ALTER TABLE IF EXISTS ONLY keycloak.client_session DROP CONSTRAINT IF EXISTS constraint_8;
ALTER TABLE IF EXISTS ONLY keycloak.client DROP CONSTRAINT IF EXISTS constraint_7;
ALTER TABLE IF EXISTS ONLY keycloak.client_session_note DROP CONSTRAINT IF EXISTS constraint_5e;
ALTER TABLE IF EXISTS ONLY keycloak.user_federation_provider DROP CONSTRAINT IF EXISTS constraint_5c;
ALTER TABLE IF EXISTS ONLY keycloak.user_session DROP CONSTRAINT IF EXISTS constraint_57;
ALTER TABLE IF EXISTS ONLY keycloak.client_session_role DROP CONSTRAINT IF EXISTS constraint_5;
ALTER TABLE IF EXISTS ONLY keycloak.realm DROP CONSTRAINT IF EXISTS constraint_4a;
ALTER TABLE IF EXISTS ONLY keycloak.federated_identity DROP CONSTRAINT IF EXISTS constraint_40;
ALTER TABLE IF EXISTS ONLY keycloak.event_entity DROP CONSTRAINT IF EXISTS constraint_4;
ALTER TABLE IF EXISTS ONLY keycloak.client_attributes DROP CONSTRAINT IF EXISTS constraint_3c;
ALTER TABLE IF EXISTS ONLY keycloak.identity_provider DROP CONSTRAINT IF EXISTS constraint_2b;
ALTER TABLE IF EXISTS ONLY keycloak.realm_supported_locales DROP CONSTRAINT IF EXISTS constr_realm_supported_locales;
ALTER TABLE IF EXISTS ONLY keycloak.realm_events_listeners DROP CONSTRAINT IF EXISTS constr_realm_events_listeners;
ALTER TABLE IF EXISTS ONLY keycloak.realm_enabled_event_types DROP CONSTRAINT IF EXISTS constr_realm_enabl_event_types;
ALTER TABLE IF EXISTS ONLY keycloak.realm_default_groups DROP CONSTRAINT IF EXISTS constr_realm_default_groups;
ALTER TABLE IF EXISTS ONLY keycloak.federated_user DROP CONSTRAINT IF EXISTS constr_federated_user;
ALTER TABLE IF EXISTS ONLY keycloak.fed_user_role_mapping DROP CONSTRAINT IF EXISTS constr_fed_user_role;
ALTER TABLE IF EXISTS ONLY keycloak.fed_user_group_membership DROP CONSTRAINT IF EXISTS constr_fed_user_group;
ALTER TABLE IF EXISTS ONLY keycloak.fed_user_credential DROP CONSTRAINT IF EXISTS constr_fed_user_cred_pk;
ALTER TABLE IF EXISTS ONLY keycloak.fed_user_consent DROP CONSTRAINT IF EXISTS constr_fed_user_consent_pk;
ALTER TABLE IF EXISTS ONLY keycloak.fed_user_attribute DROP CONSTRAINT IF EXISTS constr_fed_user_attr_pk;
ALTER TABLE IF EXISTS ONLY keycloak.fed_user_required_action DROP CONSTRAINT IF EXISTS constr_fed_required_action;
ALTER TABLE IF EXISTS ONLY keycloak.component DROP CONSTRAINT IF EXISTS constr_component_pk;
ALTER TABLE IF EXISTS ONLY keycloak.component_config DROP CONSTRAINT IF EXISTS constr_component_config_pk;
ALTER TABLE IF EXISTS ONLY keycloak.client_user_session_note DROP CONSTRAINT IF EXISTS constr_cl_usr_ses_note;
ALTER TABLE IF EXISTS ONLY keycloak.broker_link DROP CONSTRAINT IF EXISTS constr_broker_link_pk;
ALTER TABLE IF EXISTS ONLY keycloak.realm_default_groups DROP CONSTRAINT IF EXISTS con_group_id_def_groups;
ALTER TABLE IF EXISTS ONLY keycloak.client_initial_access DROP CONSTRAINT IF EXISTS cnstr_client_init_acc_pk;
ALTER TABLE IF EXISTS ONLY keycloak.client_scope_client DROP CONSTRAINT IF EXISTS c_cli_scope_bind;
ALTER TABLE IF EXISTS ONLY keycloak.client_auth_flow_bindings DROP CONSTRAINT IF EXISTS c_cli_flow_bind;
ALTER TABLE IF EXISTS ONLY keycloak.keycloak_role DROP CONSTRAINT IF EXISTS "UK_J3RWUVD56ONTGSUHOGM184WW2-2";
ALTER TABLE IF EXISTS ONLY keycloak.username_login_failure DROP CONSTRAINT IF EXISTS "CONSTRAINT_17-2";
DROP TABLE IF EXISTS keycloak.web_origins;
DROP TABLE IF EXISTS keycloak.username_login_failure;
DROP TABLE IF EXISTS keycloak.user_session_note;
DROP TABLE IF EXISTS keycloak.user_session;
DROP TABLE IF EXISTS keycloak.user_role_mapping;
DROP TABLE IF EXISTS keycloak.user_required_action;
DROP TABLE IF EXISTS keycloak.user_group_membership;
DROP TABLE IF EXISTS keycloak.user_federation_provider;
DROP TABLE IF EXISTS keycloak.user_federation_mapper_config;
DROP TABLE IF EXISTS keycloak.user_federation_mapper;
DROP TABLE IF EXISTS keycloak.user_federation_config;
DROP TABLE IF EXISTS keycloak.user_entity;
DROP TABLE IF EXISTS keycloak.user_consent_client_scope;
DROP TABLE IF EXISTS keycloak.user_consent;
DROP TABLE IF EXISTS keycloak.user_attribute;
DROP TABLE IF EXISTS keycloak.scope_policy;
DROP TABLE IF EXISTS keycloak.scope_mapping;
DROP TABLE IF EXISTS keycloak.role_attribute;
DROP TABLE IF EXISTS keycloak.resource_uris;
DROP TABLE IF EXISTS keycloak.resource_server_scope;
DROP TABLE IF EXISTS keycloak.resource_server_resource;
DROP TABLE IF EXISTS keycloak.resource_server_policy;
DROP TABLE IF EXISTS keycloak.resource_server_perm_ticket;
DROP TABLE IF EXISTS keycloak.resource_server;
DROP TABLE IF EXISTS keycloak.resource_scope;
DROP TABLE IF EXISTS keycloak.resource_policy;
DROP TABLE IF EXISTS keycloak.resource_attribute;
DROP TABLE IF EXISTS keycloak.required_action_provider;
DROP TABLE IF EXISTS keycloak.required_action_config;
DROP TABLE IF EXISTS keycloak.redirect_uris;
DROP TABLE IF EXISTS keycloak.realm_supported_locales;
DROP TABLE IF EXISTS keycloak.realm_smtp_config;
DROP TABLE IF EXISTS keycloak.realm_required_credential;
DROP TABLE IF EXISTS keycloak.realm_localizations;
DROP TABLE IF EXISTS keycloak.realm_events_listeners;
DROP TABLE IF EXISTS keycloak.realm_enabled_event_types;
DROP TABLE IF EXISTS keycloak.realm_default_groups;
DROP TABLE IF EXISTS keycloak.realm_attribute;
DROP TABLE IF EXISTS keycloak.realm;
DROP TABLE IF EXISTS keycloak.protocol_mapper_config;
DROP TABLE IF EXISTS keycloak.protocol_mapper;
DROP TABLE IF EXISTS keycloak.policy_config;
DROP TABLE IF EXISTS keycloak.offline_user_session;
DROP TABLE IF EXISTS keycloak.offline_client_session;
DROP TABLE IF EXISTS keycloak.migration_model;
DROP TABLE IF EXISTS keycloak.keycloak_role;
DROP TABLE IF EXISTS keycloak.keycloak_group;
DROP TABLE IF EXISTS keycloak.idp_mapper_config;
DROP TABLE IF EXISTS keycloak.identity_provider_mapper;
DROP TABLE IF EXISTS keycloak.identity_provider_config;
DROP TABLE IF EXISTS keycloak.identity_provider;
DROP TABLE IF EXISTS keycloak.group_role_mapping;
DROP TABLE IF EXISTS keycloak.group_attribute;
DROP TABLE IF EXISTS keycloak.federated_user;
DROP TABLE IF EXISTS keycloak.federated_identity;
DROP TABLE IF EXISTS keycloak.fed_user_role_mapping;
DROP TABLE IF EXISTS keycloak.fed_user_required_action;
DROP TABLE IF EXISTS keycloak.fed_user_group_membership;
DROP TABLE IF EXISTS keycloak.fed_user_credential;
DROP TABLE IF EXISTS keycloak.fed_user_consent_cl_scope;
DROP TABLE IF EXISTS keycloak.fed_user_consent;
DROP TABLE IF EXISTS keycloak.fed_user_attribute;
DROP TABLE IF EXISTS keycloak.event_entity;
DROP TABLE IF EXISTS keycloak.default_client_scope;
DROP TABLE IF EXISTS keycloak.databasechangeloglock;
DROP TABLE IF EXISTS keycloak.databasechangelog;
DROP TABLE IF EXISTS keycloak.credential;
DROP TABLE IF EXISTS keycloak.composite_role;
DROP TABLE IF EXISTS keycloak.component_config;
DROP TABLE IF EXISTS keycloak.component;
DROP TABLE IF EXISTS keycloak.client_user_session_note;
DROP TABLE IF EXISTS keycloak.client_session_role;
DROP TABLE IF EXISTS keycloak.client_session_prot_mapper;
DROP TABLE IF EXISTS keycloak.client_session_note;
DROP TABLE IF EXISTS keycloak.client_session_auth_status;
DROP TABLE IF EXISTS keycloak.client_session;
DROP TABLE IF EXISTS keycloak.client_scope_role_mapping;
DROP TABLE IF EXISTS keycloak.client_scope_client;
DROP TABLE IF EXISTS keycloak.client_scope_attributes;
DROP TABLE IF EXISTS keycloak.client_scope;
DROP TABLE IF EXISTS keycloak.client_node_registrations;
DROP TABLE IF EXISTS keycloak.client_initial_access;
DROP TABLE IF EXISTS keycloak.client_auth_flow_bindings;
DROP TABLE IF EXISTS keycloak.client_attributes;
DROP TABLE IF EXISTS keycloak.client;
DROP TABLE IF EXISTS keycloak.broker_link;
DROP TABLE IF EXISTS keycloak.authenticator_config_entry;
DROP TABLE IF EXISTS keycloak.authenticator_config;
DROP TABLE IF EXISTS keycloak.authentication_flow;
DROP TABLE IF EXISTS keycloak.authentication_execution;
DROP TABLE IF EXISTS keycloak.associated_policy;
DROP TABLE IF EXISTS keycloak.admin_event_entity;
DROP SCHEMA IF EXISTS keycloak;
--
-- Name: keycloak; Type: SCHEMA; Schema: -; Owner: keycloak
--

CREATE SCHEMA keycloak;


ALTER SCHEMA keycloak OWNER TO keycloak;

SET default_tablespace = '';

SET default_table_access_method = heap;

--
-- Name: admin_event_entity; Type: TABLE; Schema: keycloak; Owner: keycloak
--

CREATE TABLE keycloak.admin_event_entity (
    id character varying(36) NOT NULL,
    admin_event_time bigint,
    realm_id character varying(255),
    operation_type character varying(255),
    auth_realm_id character varying(255),
    auth_client_id character varying(255),
    auth_user_id character varying(255),
    ip_address character varying(255),
    resource_path character varying(2550),
    representation text,
    error character varying(255),
    resource_type character varying(64)
);


ALTER TABLE keycloak.admin_event_entity OWNER TO keycloak;

--
-- Name: associated_policy; Type: TABLE; Schema: keycloak; Owner: keycloak
--

CREATE TABLE keycloak.associated_policy (
    policy_id character varying(36) NOT NULL,
    associated_policy_id character varying(36) NOT NULL
);


ALTER TABLE keycloak.associated_policy OWNER TO keycloak;

--
-- Name: authentication_execution; Type: TABLE; Schema: keycloak; Owner: keycloak
--

CREATE TABLE keycloak.authentication_execution (
    id character varying(36) NOT NULL,
    alias character varying(255),
    authenticator character varying(36),
    realm_id character varying(36),
    flow_id character varying(36),
    requirement integer,
    priority integer,
    authenticator_flow boolean DEFAULT false NOT NULL,
    auth_flow_id character varying(36),
    auth_config character varying(36)
);


ALTER TABLE keycloak.authentication_execution OWNER TO keycloak;

--
-- Name: authentication_flow; Type: TABLE; Schema: keycloak; Owner: keycloak
--

CREATE TABLE keycloak.authentication_flow (
    id character varying(36) NOT NULL,
    alias character varying(255),
    description character varying(255),
    realm_id character varying(36),
    provider_id character varying(36) DEFAULT 'basic-flow'::character varying NOT NULL,
    top_level boolean DEFAULT false NOT NULL,
    built_in boolean DEFAULT false NOT NULL
);


ALTER TABLE keycloak.authentication_flow OWNER TO keycloak;

--
-- Name: authenticator_config; Type: TABLE; Schema: keycloak; Owner: keycloak
--

CREATE TABLE keycloak.authenticator_config (
    id character varying(36) NOT NULL,
    alias character varying(255),
    realm_id character varying(36)
);


ALTER TABLE keycloak.authenticator_config OWNER TO keycloak;

--
-- Name: authenticator_config_entry; Type: TABLE; Schema: keycloak; Owner: keycloak
--

CREATE TABLE keycloak.authenticator_config_entry (
    authenticator_id character varying(36) NOT NULL,
    value text,
    name character varying(255) NOT NULL
);


ALTER TABLE keycloak.authenticator_config_entry OWNER TO keycloak;

--
-- Name: broker_link; Type: TABLE; Schema: keycloak; Owner: keycloak
--

CREATE TABLE keycloak.broker_link (
    identity_provider character varying(255) NOT NULL,
    storage_provider_id character varying(255),
    realm_id character varying(36) NOT NULL,
    broker_user_id character varying(255),
    broker_username character varying(255),
    token text,
    user_id character varying(255) NOT NULL
);


ALTER TABLE keycloak.broker_link OWNER TO keycloak;

--
-- Name: client; Type: TABLE; Schema: keycloak; Owner: keycloak
--

CREATE TABLE keycloak.client (
    id character varying(36) NOT NULL,
    enabled boolean DEFAULT false NOT NULL,
    full_scope_allowed boolean DEFAULT false NOT NULL,
    client_id character varying(255),
    not_before integer,
    public_client boolean DEFAULT false NOT NULL,
    secret character varying(255),
    base_url character varying(255),
    bearer_only boolean DEFAULT false NOT NULL,
    management_url character varying(255),
    surrogate_auth_required boolean DEFAULT false NOT NULL,
    realm_id character varying(36),
    protocol character varying(255),
    node_rereg_timeout integer DEFAULT 0,
    frontchannel_logout boolean DEFAULT false NOT NULL,
    consent_required boolean DEFAULT false NOT NULL,
    name character varying(255),
    service_accounts_enabled boolean DEFAULT false NOT NULL,
    client_authenticator_type character varying(255),
    root_url character varying(255),
    description character varying(255),
    registration_token character varying(255),
    standard_flow_enabled boolean DEFAULT true NOT NULL,
    implicit_flow_enabled boolean DEFAULT false NOT NULL,
    direct_access_grants_enabled boolean DEFAULT false NOT NULL,
    always_display_in_console boolean DEFAULT false NOT NULL
);


ALTER TABLE keycloak.client OWNER TO keycloak;

--
-- Name: client_attributes; Type: TABLE; Schema: keycloak; Owner: keycloak
--

CREATE TABLE keycloak.client_attributes (
    client_id character varying(36) NOT NULL,
    name character varying(255) NOT NULL,
    value text
);


ALTER TABLE keycloak.client_attributes OWNER TO keycloak;

--
-- Name: client_auth_flow_bindings; Type: TABLE; Schema: keycloak; Owner: keycloak
--

CREATE TABLE keycloak.client_auth_flow_bindings (
    client_id character varying(36) NOT NULL,
    flow_id character varying(36),
    binding_name character varying(255) NOT NULL
);


ALTER TABLE keycloak.client_auth_flow_bindings OWNER TO keycloak;

--
-- Name: client_initial_access; Type: TABLE; Schema: keycloak; Owner: keycloak
--

CREATE TABLE keycloak.client_initial_access (
    id character varying(36) NOT NULL,
    realm_id character varying(36) NOT NULL,
    "timestamp" integer,
    expiration integer,
    count integer,
    remaining_count integer
);


ALTER TABLE keycloak.client_initial_access OWNER TO keycloak;

--
-- Name: client_node_registrations; Type: TABLE; Schema: keycloak; Owner: keycloak
--

CREATE TABLE keycloak.client_node_registrations (
    client_id character varying(36) NOT NULL,
    value integer,
    name character varying(255) NOT NULL
);


ALTER TABLE keycloak.client_node_registrations OWNER TO keycloak;

--
-- Name: client_scope; Type: TABLE; Schema: keycloak; Owner: keycloak
--

CREATE TABLE keycloak.client_scope (
    id character varying(36) NOT NULL,
    name character varying(255),
    realm_id character varying(36),
    description character varying(255),
    protocol character varying(255)
);


ALTER TABLE keycloak.client_scope OWNER TO keycloak;

--
-- Name: client_scope_attributes; Type: TABLE; Schema: keycloak; Owner: keycloak
--

CREATE TABLE keycloak.client_scope_attributes (
    scope_id character varying(36) NOT NULL,
    value character varying(2048),
    name character varying(255) NOT NULL
);


ALTER TABLE keycloak.client_scope_attributes OWNER TO keycloak;

--
-- Name: client_scope_client; Type: TABLE; Schema: keycloak; Owner: keycloak
--

CREATE TABLE keycloak.client_scope_client (
    client_id character varying(255) NOT NULL,
    scope_id character varying(255) NOT NULL,
    default_scope boolean DEFAULT false NOT NULL
);


ALTER TABLE keycloak.client_scope_client OWNER TO keycloak;

--
-- Name: client_scope_role_mapping; Type: TABLE; Schema: keycloak; Owner: keycloak
--

CREATE TABLE keycloak.client_scope_role_mapping (
    scope_id character varying(36) NOT NULL,
    role_id character varying(36) NOT NULL
);


ALTER TABLE keycloak.client_scope_role_mapping OWNER TO keycloak;

--
-- Name: client_session; Type: TABLE; Schema: keycloak; Owner: keycloak
--

CREATE TABLE keycloak.client_session (
    id character varying(36) NOT NULL,
    client_id character varying(36),
    redirect_uri character varying(255),
    state character varying(255),
    "timestamp" integer,
    session_id character varying(36),
    auth_method character varying(255),
    realm_id character varying(255),
    auth_user_id character varying(36),
    current_action character varying(36)
);


ALTER TABLE keycloak.client_session OWNER TO keycloak;

--
-- Name: client_session_auth_status; Type: TABLE; Schema: keycloak; Owner: keycloak
--

CREATE TABLE keycloak.client_session_auth_status (
    authenticator character varying(36) NOT NULL,
    status integer,
    client_session character varying(36) NOT NULL
);


ALTER TABLE keycloak.client_session_auth_status OWNER TO keycloak;

--
-- Name: client_session_note; Type: TABLE; Schema: keycloak; Owner: keycloak
--

CREATE TABLE keycloak.client_session_note (
    name character varying(255) NOT NULL,
    value character varying(255),
    client_session character varying(36) NOT NULL
);


ALTER TABLE keycloak.client_session_note OWNER TO keycloak;

--
-- Name: client_session_prot_mapper; Type: TABLE; Schema: keycloak; Owner: keycloak
--

CREATE TABLE keycloak.client_session_prot_mapper (
    protocol_mapper_id character varying(36) NOT NULL,
    client_session character varying(36) NOT NULL
);


ALTER TABLE keycloak.client_session_prot_mapper OWNER TO keycloak;

--
-- Name: client_session_role; Type: TABLE; Schema: keycloak; Owner: keycloak
--

CREATE TABLE keycloak.client_session_role (
    role_id character varying(255) NOT NULL,
    client_session character varying(36) NOT NULL
);


ALTER TABLE keycloak.client_session_role OWNER TO keycloak;

--
-- Name: client_user_session_note; Type: TABLE; Schema: keycloak; Owner: keycloak
--

CREATE TABLE keycloak.client_user_session_note (
    name character varying(255) NOT NULL,
    value character varying(2048),
    client_session character varying(36) NOT NULL
);


ALTER TABLE keycloak.client_user_session_note OWNER TO keycloak;

--
-- Name: component; Type: TABLE; Schema: keycloak; Owner: keycloak
--

CREATE TABLE keycloak.component (
    id character varying(36) NOT NULL,
    name character varying(255),
    parent_id character varying(36),
    provider_id character varying(36),
    provider_type character varying(255),
    realm_id character varying(36),
    sub_type character varying(255)
);


ALTER TABLE keycloak.component OWNER TO keycloak;

--
-- Name: component_config; Type: TABLE; Schema: keycloak; Owner: keycloak
--

CREATE TABLE keycloak.component_config (
    id character varying(36) NOT NULL,
    component_id character varying(36) NOT NULL,
    name character varying(255) NOT NULL,
    value text
);


ALTER TABLE keycloak.component_config OWNER TO keycloak;

--
-- Name: composite_role; Type: TABLE; Schema: keycloak; Owner: keycloak
--

CREATE TABLE keycloak.composite_role (
    composite character varying(36) NOT NULL,
    child_role character varying(36) NOT NULL
);


ALTER TABLE keycloak.composite_role OWNER TO keycloak;

--
-- Name: credential; Type: TABLE; Schema: keycloak; Owner: keycloak
--

CREATE TABLE keycloak.credential (
    id character varying(36) NOT NULL,
    salt bytea,
    type character varying(255),
    user_id character varying(36),
    created_date bigint,
    user_label character varying(255),
    secret_data text,
    credential_data text,
    priority integer
);


ALTER TABLE keycloak.credential OWNER TO keycloak;

--
-- Name: databasechangelog; Type: TABLE; Schema: keycloak; Owner: keycloak
--

CREATE TABLE keycloak.databasechangelog (
    id character varying(255) NOT NULL,
    author character varying(255) NOT NULL,
    filename character varying(255) NOT NULL,
    dateexecuted timestamp without time zone NOT NULL,
    orderexecuted integer NOT NULL,
    exectype character varying(10) NOT NULL,
    md5sum character varying(35),
    description character varying(255),
    comments character varying(255),
    tag character varying(255),
    liquibase character varying(20),
    contexts character varying(255),
    labels character varying(255),
    deployment_id character varying(10)
);


ALTER TABLE keycloak.databasechangelog OWNER TO keycloak;

--
-- Name: databasechangeloglock; Type: TABLE; Schema: keycloak; Owner: keycloak
--

CREATE TABLE keycloak.databasechangeloglock (
    id integer NOT NULL,
    locked boolean NOT NULL,
    lockgranted timestamp without time zone,
    lockedby character varying(255)
);


ALTER TABLE keycloak.databasechangeloglock OWNER TO keycloak;

--
-- Name: default_client_scope; Type: TABLE; Schema: keycloak; Owner: keycloak
--

CREATE TABLE keycloak.default_client_scope (
    realm_id character varying(36) NOT NULL,
    scope_id character varying(36) NOT NULL,
    default_scope boolean DEFAULT false NOT NULL
);


ALTER TABLE keycloak.default_client_scope OWNER TO keycloak;

--
-- Name: event_entity; Type: TABLE; Schema: keycloak; Owner: keycloak
--

CREATE TABLE keycloak.event_entity (
    id character varying(36) NOT NULL,
    client_id character varying(255),
    details_json character varying(2550),
    error character varying(255),
    ip_address character varying(255),
    realm_id character varying(255),
    session_id character varying(255),
    event_time bigint,
    type character varying(255),
    user_id character varying(255),
    details_json_long_value text
);


ALTER TABLE keycloak.event_entity OWNER TO keycloak;

--
-- Name: fed_user_attribute; Type: TABLE; Schema: keycloak; Owner: keycloak
--

CREATE TABLE keycloak.fed_user_attribute (
    id character varying(36) NOT NULL,
    name character varying(255) NOT NULL,
    user_id character varying(255) NOT NULL,
    realm_id character varying(36) NOT NULL,
    storage_provider_id character varying(36),
    value character varying(2024),
    long_value_hash bytea,
    long_value_hash_lower_case bytea,
    long_value text
);


ALTER TABLE keycloak.fed_user_attribute OWNER TO keycloak;

--
-- Name: fed_user_consent; Type: TABLE; Schema: keycloak; Owner: keycloak
--

CREATE TABLE keycloak.fed_user_consent (
    id character varying(36) NOT NULL,
    client_id character varying(255),
    user_id character varying(255) NOT NULL,
    realm_id character varying(36) NOT NULL,
    storage_provider_id character varying(36),
    created_date bigint,
    last_updated_date bigint,
    client_storage_provider character varying(36),
    external_client_id character varying(255)
);


ALTER TABLE keycloak.fed_user_consent OWNER TO keycloak;

--
-- Name: fed_user_consent_cl_scope; Type: TABLE; Schema: keycloak; Owner: keycloak
--

CREATE TABLE keycloak.fed_user_consent_cl_scope (
    user_consent_id character varying(36) NOT NULL,
    scope_id character varying(36) NOT NULL
);


ALTER TABLE keycloak.fed_user_consent_cl_scope OWNER TO keycloak;

--
-- Name: fed_user_credential; Type: TABLE; Schema: keycloak; Owner: keycloak
--

CREATE TABLE keycloak.fed_user_credential (
    id character varying(36) NOT NULL,
    salt bytea,
    type character varying(255),
    created_date bigint,
    user_id character varying(255) NOT NULL,
    realm_id character varying(36) NOT NULL,
    storage_provider_id character varying(36),
    user_label character varying(255),
    secret_data text,
    credential_data text,
    priority integer
);


ALTER TABLE keycloak.fed_user_credential OWNER TO keycloak;

--
-- Name: fed_user_group_membership; Type: TABLE; Schema: keycloak; Owner: keycloak
--

CREATE TABLE keycloak.fed_user_group_membership (
    group_id character varying(36) NOT NULL,
    user_id character varying(255) NOT NULL,
    realm_id character varying(36) NOT NULL,
    storage_provider_id character varying(36)
);


ALTER TABLE keycloak.fed_user_group_membership OWNER TO keycloak;

--
-- Name: fed_user_required_action; Type: TABLE; Schema: keycloak; Owner: keycloak
--

CREATE TABLE keycloak.fed_user_required_action (
    required_action character varying(255) DEFAULT ' '::character varying NOT NULL,
    user_id character varying(255) NOT NULL,
    realm_id character varying(36) NOT NULL,
    storage_provider_id character varying(36)
);


ALTER TABLE keycloak.fed_user_required_action OWNER TO keycloak;

--
-- Name: fed_user_role_mapping; Type: TABLE; Schema: keycloak; Owner: keycloak
--

CREATE TABLE keycloak.fed_user_role_mapping (
    role_id character varying(36) NOT NULL,
    user_id character varying(255) NOT NULL,
    realm_id character varying(36) NOT NULL,
    storage_provider_id character varying(36)
);


ALTER TABLE keycloak.fed_user_role_mapping OWNER TO keycloak;

--
-- Name: federated_identity; Type: TABLE; Schema: keycloak; Owner: keycloak
--

CREATE TABLE keycloak.federated_identity (
    identity_provider character varying(255) NOT NULL,
    realm_id character varying(36),
    federated_user_id character varying(255),
    federated_username character varying(255),
    token text,
    user_id character varying(36) NOT NULL
);


ALTER TABLE keycloak.federated_identity OWNER TO keycloak;

--
-- Name: federated_user; Type: TABLE; Schema: keycloak; Owner: keycloak
--

CREATE TABLE keycloak.federated_user (
    id character varying(255) NOT NULL,
    storage_provider_id character varying(255),
    realm_id character varying(36) NOT NULL
);


ALTER TABLE keycloak.federated_user OWNER TO keycloak;

--
-- Name: group_attribute; Type: TABLE; Schema: keycloak; Owner: keycloak
--

CREATE TABLE keycloak.group_attribute (
    id character varying(36) DEFAULT 'sybase-needs-something-here'::character varying NOT NULL,
    name character varying(255) NOT NULL,
    value character varying(255),
    group_id character varying(36) NOT NULL
);


ALTER TABLE keycloak.group_attribute OWNER TO keycloak;

--
-- Name: group_role_mapping; Type: TABLE; Schema: keycloak; Owner: keycloak
--

CREATE TABLE keycloak.group_role_mapping (
    role_id character varying(36) NOT NULL,
    group_id character varying(36) NOT NULL
);


ALTER TABLE keycloak.group_role_mapping OWNER TO keycloak;

--
-- Name: identity_provider; Type: TABLE; Schema: keycloak; Owner: keycloak
--

CREATE TABLE keycloak.identity_provider (
    internal_id character varying(36) NOT NULL,
    enabled boolean DEFAULT false NOT NULL,
    provider_alias character varying(255),
    provider_id character varying(255),
    store_token boolean DEFAULT false NOT NULL,
    authenticate_by_default boolean DEFAULT false NOT NULL,
    realm_id character varying(36),
    add_token_role boolean DEFAULT true NOT NULL,
    trust_email boolean DEFAULT false NOT NULL,
    first_broker_login_flow_id character varying(36),
    post_broker_login_flow_id character varying(36),
    provider_display_name character varying(255),
    link_only boolean DEFAULT false NOT NULL
);


ALTER TABLE keycloak.identity_provider OWNER TO keycloak;

--
-- Name: identity_provider_config; Type: TABLE; Schema: keycloak; Owner: keycloak
--

CREATE TABLE keycloak.identity_provider_config (
    identity_provider_id character varying(36) NOT NULL,
    value text,
    name character varying(255) NOT NULL
);


ALTER TABLE keycloak.identity_provider_config OWNER TO keycloak;

--
-- Name: identity_provider_mapper; Type: TABLE; Schema: keycloak; Owner: keycloak
--

CREATE TABLE keycloak.identity_provider_mapper (
    id character varying(36) NOT NULL,
    name character varying(255) NOT NULL,
    idp_alias character varying(255) NOT NULL,
    idp_mapper_name character varying(255) NOT NULL,
    realm_id character varying(36) NOT NULL
);


ALTER TABLE keycloak.identity_provider_mapper OWNER TO keycloak;

--
-- Name: idp_mapper_config; Type: TABLE; Schema: keycloak; Owner: keycloak
--

CREATE TABLE keycloak.idp_mapper_config (
    idp_mapper_id character varying(36) NOT NULL,
    value text,
    name character varying(255) NOT NULL
);


ALTER TABLE keycloak.idp_mapper_config OWNER TO keycloak;

--
-- Name: keycloak_group; Type: TABLE; Schema: keycloak; Owner: keycloak
--

CREATE TABLE keycloak.keycloak_group (
    id character varying(36) NOT NULL,
    name character varying(255),
    parent_group character varying(36) NOT NULL,
    realm_id character varying(36)
);


ALTER TABLE keycloak.keycloak_group OWNER TO keycloak;

--
-- Name: keycloak_role; Type: TABLE; Schema: keycloak; Owner: keycloak
--

CREATE TABLE keycloak.keycloak_role (
    id character varying(36) NOT NULL,
    client_realm_constraint character varying(255),
    client_role boolean DEFAULT false NOT NULL,
    description character varying(255),
    name character varying(255),
    realm_id character varying(255),
    client character varying(36),
    realm character varying(36)
);


ALTER TABLE keycloak.keycloak_role OWNER TO keycloak;

--
-- Name: migration_model; Type: TABLE; Schema: keycloak; Owner: keycloak
--

CREATE TABLE keycloak.migration_model (
    id character varying(36) NOT NULL,
    version character varying(36),
    update_time bigint DEFAULT 0 NOT NULL
);


ALTER TABLE keycloak.migration_model OWNER TO keycloak;

--
-- Name: offline_client_session; Type: TABLE; Schema: keycloak; Owner: keycloak
--

CREATE TABLE keycloak.offline_client_session (
    user_session_id character varying(36) NOT NULL,
    client_id character varying(255) NOT NULL,
    offline_flag character varying(4) NOT NULL,
    "timestamp" integer,
    data text,
    client_storage_provider character varying(36) DEFAULT 'local'::character varying NOT NULL,
    external_client_id character varying(255) DEFAULT 'local'::character varying NOT NULL
);


ALTER TABLE keycloak.offline_client_session OWNER TO keycloak;

--
-- Name: offline_user_session; Type: TABLE; Schema: keycloak; Owner: keycloak
--

CREATE TABLE keycloak.offline_user_session (
    user_session_id character varying(36) NOT NULL,
    user_id character varying(255) NOT NULL,
    realm_id character varying(36) NOT NULL,
    created_on integer NOT NULL,
    offline_flag character varying(4) NOT NULL,
    data text,
    last_session_refresh integer DEFAULT 0 NOT NULL
);


ALTER TABLE keycloak.offline_user_session OWNER TO keycloak;

--
-- Name: policy_config; Type: TABLE; Schema: keycloak; Owner: keycloak
--

CREATE TABLE keycloak.policy_config (
    policy_id character varying(36) NOT NULL,
    name character varying(255) NOT NULL,
    value text
);


ALTER TABLE keycloak.policy_config OWNER TO keycloak;

--
-- Name: protocol_mapper; Type: TABLE; Schema: keycloak; Owner: keycloak
--

CREATE TABLE keycloak.protocol_mapper (
    id character varying(36) NOT NULL,
    name character varying(255) NOT NULL,
    protocol character varying(255) NOT NULL,
    protocol_mapper_name character varying(255) NOT NULL,
    client_id character varying(36),
    client_scope_id character varying(36)
);


ALTER TABLE keycloak.protocol_mapper OWNER TO keycloak;

--
-- Name: protocol_mapper_config; Type: TABLE; Schema: keycloak; Owner: keycloak
--

CREATE TABLE keycloak.protocol_mapper_config (
    protocol_mapper_id character varying(36) NOT NULL,
    value text,
    name character varying(255) NOT NULL
);


ALTER TABLE keycloak.protocol_mapper_config OWNER TO keycloak;

--
-- Name: realm; Type: TABLE; Schema: keycloak; Owner: keycloak
--

CREATE TABLE keycloak.realm (
    id character varying(36) NOT NULL,
    access_code_lifespan integer,
    user_action_lifespan integer,
    access_token_lifespan integer,
    account_theme character varying(255),
    admin_theme character varying(255),
    email_theme character varying(255),
    enabled boolean DEFAULT false NOT NULL,
    events_enabled boolean DEFAULT false NOT NULL,
    events_expiration bigint,
    login_theme character varying(255),
    name character varying(255),
    not_before integer,
    password_policy character varying(2550),
    registration_allowed boolean DEFAULT false NOT NULL,
    remember_me boolean DEFAULT false NOT NULL,
    reset_password_allowed boolean DEFAULT false NOT NULL,
    social boolean DEFAULT false NOT NULL,
    ssl_required character varying(255),
    sso_idle_timeout integer,
    sso_max_lifespan integer,
    update_profile_on_soc_login boolean DEFAULT false NOT NULL,
    verify_email boolean DEFAULT false NOT NULL,
    master_admin_client character varying(36),
    login_lifespan integer,
    internationalization_enabled boolean DEFAULT false NOT NULL,
    default_locale character varying(255),
    reg_email_as_username boolean DEFAULT false NOT NULL,
    admin_events_enabled boolean DEFAULT false NOT NULL,
    admin_events_details_enabled boolean DEFAULT false NOT NULL,
    edit_username_allowed boolean DEFAULT false NOT NULL,
    otp_policy_counter integer DEFAULT 0,
    otp_policy_window integer DEFAULT 1,
    otp_policy_period integer DEFAULT 30,
    otp_policy_digits integer DEFAULT 6,
    otp_policy_alg character varying(36) DEFAULT 'HmacSHA1'::character varying,
    otp_policy_type character varying(36) DEFAULT 'totp'::character varying,
    browser_flow character varying(36),
    registration_flow character varying(36),
    direct_grant_flow character varying(36),
    reset_credentials_flow character varying(36),
    client_auth_flow character varying(36),
    offline_session_idle_timeout integer DEFAULT 0,
    revoke_refresh_token boolean DEFAULT false NOT NULL,
    access_token_life_implicit integer DEFAULT 0,
    login_with_email_allowed boolean DEFAULT true NOT NULL,
    duplicate_emails_allowed boolean DEFAULT false NOT NULL,
    docker_auth_flow character varying(36),
    refresh_token_max_reuse integer DEFAULT 0,
    allow_user_managed_access boolean DEFAULT false NOT NULL,
    sso_max_lifespan_remember_me integer DEFAULT 0 NOT NULL,
    sso_idle_timeout_remember_me integer DEFAULT 0 NOT NULL,
    default_role character varying(255)
);


ALTER TABLE keycloak.realm OWNER TO keycloak;

--
-- Name: realm_attribute; Type: TABLE; Schema: keycloak; Owner: keycloak
--

CREATE TABLE keycloak.realm_attribute (
    name character varying(255) NOT NULL,
    realm_id character varying(36) NOT NULL,
    value text
);


ALTER TABLE keycloak.realm_attribute OWNER TO keycloak;

--
-- Name: realm_default_groups; Type: TABLE; Schema: keycloak; Owner: keycloak
--

CREATE TABLE keycloak.realm_default_groups (
    realm_id character varying(36) NOT NULL,
    group_id character varying(36) NOT NULL
);


ALTER TABLE keycloak.realm_default_groups OWNER TO keycloak;

--
-- Name: realm_enabled_event_types; Type: TABLE; Schema: keycloak; Owner: keycloak
--

CREATE TABLE keycloak.realm_enabled_event_types (
    realm_id character varying(36) NOT NULL,
    value character varying(255) NOT NULL
);


ALTER TABLE keycloak.realm_enabled_event_types OWNER TO keycloak;

--
-- Name: realm_events_listeners; Type: TABLE; Schema: keycloak; Owner: keycloak
--

CREATE TABLE keycloak.realm_events_listeners (
    realm_id character varying(36) NOT NULL,
    value character varying(255) NOT NULL
);


ALTER TABLE keycloak.realm_events_listeners OWNER TO keycloak;

--
-- Name: realm_localizations; Type: TABLE; Schema: keycloak; Owner: keycloak
--

CREATE TABLE keycloak.realm_localizations (
    realm_id character varying(255) NOT NULL,
    locale character varying(255) NOT NULL,
    texts text NOT NULL
);


ALTER TABLE keycloak.realm_localizations OWNER TO keycloak;

--
-- Name: realm_required_credential; Type: TABLE; Schema: keycloak; Owner: keycloak
--

CREATE TABLE keycloak.realm_required_credential (
    type character varying(255) NOT NULL,
    form_label character varying(255),
    input boolean DEFAULT false NOT NULL,
    secret boolean DEFAULT false NOT NULL,
    realm_id character varying(36) NOT NULL
);


ALTER TABLE keycloak.realm_required_credential OWNER TO keycloak;

--
-- Name: realm_smtp_config; Type: TABLE; Schema: keycloak; Owner: keycloak
--

CREATE TABLE keycloak.realm_smtp_config (
    realm_id character varying(36) NOT NULL,
    value character varying(255),
    name character varying(255) NOT NULL
);


ALTER TABLE keycloak.realm_smtp_config OWNER TO keycloak;

--
-- Name: realm_supported_locales; Type: TABLE; Schema: keycloak; Owner: keycloak
--

CREATE TABLE keycloak.realm_supported_locales (
    realm_id character varying(36) NOT NULL,
    value character varying(255) NOT NULL
);


ALTER TABLE keycloak.realm_supported_locales OWNER TO keycloak;

--
-- Name: redirect_uris; Type: TABLE; Schema: keycloak; Owner: keycloak
--

CREATE TABLE keycloak.redirect_uris (
    client_id character varying(36) NOT NULL,
    value character varying(255) NOT NULL
);


ALTER TABLE keycloak.redirect_uris OWNER TO keycloak;

--
-- Name: required_action_config; Type: TABLE; Schema: keycloak; Owner: keycloak
--

CREATE TABLE keycloak.required_action_config (
    required_action_id character varying(36) NOT NULL,
    value text,
    name character varying(255) NOT NULL
);


ALTER TABLE keycloak.required_action_config OWNER TO keycloak;

--
-- Name: required_action_provider; Type: TABLE; Schema: keycloak; Owner: keycloak
--

CREATE TABLE keycloak.required_action_provider (
    id character varying(36) NOT NULL,
    alias character varying(255),
    name character varying(255),
    realm_id character varying(36),
    enabled boolean DEFAULT false NOT NULL,
    default_action boolean DEFAULT false NOT NULL,
    provider_id character varying(255),
    priority integer
);


ALTER TABLE keycloak.required_action_provider OWNER TO keycloak;

--
-- Name: resource_attribute; Type: TABLE; Schema: keycloak; Owner: keycloak
--

CREATE TABLE keycloak.resource_attribute (
    id character varying(36) DEFAULT 'sybase-needs-something-here'::character varying NOT NULL,
    name character varying(255) NOT NULL,
    value character varying(255),
    resource_id character varying(36) NOT NULL
);


ALTER TABLE keycloak.resource_attribute OWNER TO keycloak;

--
-- Name: resource_policy; Type: TABLE; Schema: keycloak; Owner: keycloak
--

CREATE TABLE keycloak.resource_policy (
    resource_id character varying(36) NOT NULL,
    policy_id character varying(36) NOT NULL
);


ALTER TABLE keycloak.resource_policy OWNER TO keycloak;

--
-- Name: resource_scope; Type: TABLE; Schema: keycloak; Owner: keycloak
--

CREATE TABLE keycloak.resource_scope (
    resource_id character varying(36) NOT NULL,
    scope_id character varying(36) NOT NULL
);


ALTER TABLE keycloak.resource_scope OWNER TO keycloak;

--
-- Name: resource_server; Type: TABLE; Schema: keycloak; Owner: keycloak
--

CREATE TABLE keycloak.resource_server (
    id character varying(36) NOT NULL,
    allow_rs_remote_mgmt boolean DEFAULT false NOT NULL,
    policy_enforce_mode smallint NOT NULL,
    decision_strategy smallint DEFAULT 1 NOT NULL
);


ALTER TABLE keycloak.resource_server OWNER TO keycloak;

--
-- Name: resource_server_perm_ticket; Type: TABLE; Schema: keycloak; Owner: keycloak
--

CREATE TABLE keycloak.resource_server_perm_ticket (
    id character varying(36) NOT NULL,
    owner character varying(255) NOT NULL,
    requester character varying(255) NOT NULL,
    created_timestamp bigint NOT NULL,
    granted_timestamp bigint,
    resource_id character varying(36) NOT NULL,
    scope_id character varying(36),
    resource_server_id character varying(36) NOT NULL,
    policy_id character varying(36)
);


ALTER TABLE keycloak.resource_server_perm_ticket OWNER TO keycloak;

--
-- Name: resource_server_policy; Type: TABLE; Schema: keycloak; Owner: keycloak
--

CREATE TABLE keycloak.resource_server_policy (
    id character varying(36) NOT NULL,
    name character varying(255) NOT NULL,
    description character varying(255),
    type character varying(255) NOT NULL,
    decision_strategy smallint,
    logic smallint,
    resource_server_id character varying(36) NOT NULL,
    owner character varying(255)
);


ALTER TABLE keycloak.resource_server_policy OWNER TO keycloak;

--
-- Name: resource_server_resource; Type: TABLE; Schema: keycloak; Owner: keycloak
--

CREATE TABLE keycloak.resource_server_resource (
    id character varying(36) NOT NULL,
    name character varying(255) NOT NULL,
    type character varying(255),
    icon_uri character varying(255),
    owner character varying(255) NOT NULL,
    resource_server_id character varying(36) NOT NULL,
    owner_managed_access boolean DEFAULT false NOT NULL,
    display_name character varying(255)
);


ALTER TABLE keycloak.resource_server_resource OWNER TO keycloak;

--
-- Name: resource_server_scope; Type: TABLE; Schema: keycloak; Owner: keycloak
--

CREATE TABLE keycloak.resource_server_scope (
    id character varying(36) NOT NULL,
    name character varying(255) NOT NULL,
    icon_uri character varying(255),
    resource_server_id character varying(36) NOT NULL,
    display_name character varying(255)
);


ALTER TABLE keycloak.resource_server_scope OWNER TO keycloak;

--
-- Name: resource_uris; Type: TABLE; Schema: keycloak; Owner: keycloak
--

CREATE TABLE keycloak.resource_uris (
    resource_id character varying(36) NOT NULL,
    value character varying(255) NOT NULL
);


ALTER TABLE keycloak.resource_uris OWNER TO keycloak;

--
-- Name: role_attribute; Type: TABLE; Schema: keycloak; Owner: keycloak
--

CREATE TABLE keycloak.role_attribute (
    id character varying(36) NOT NULL,
    role_id character varying(36) NOT NULL,
    name character varying(255) NOT NULL,
    value character varying(255)
);


ALTER TABLE keycloak.role_attribute OWNER TO keycloak;

--
-- Name: scope_mapping; Type: TABLE; Schema: keycloak; Owner: keycloak
--

CREATE TABLE keycloak.scope_mapping (
    client_id character varying(36) NOT NULL,
    role_id character varying(36) NOT NULL
);


ALTER TABLE keycloak.scope_mapping OWNER TO keycloak;

--
-- Name: scope_policy; Type: TABLE; Schema: keycloak; Owner: keycloak
--

CREATE TABLE keycloak.scope_policy (
    scope_id character varying(36) NOT NULL,
    policy_id character varying(36) NOT NULL
);


ALTER TABLE keycloak.scope_policy OWNER TO keycloak;

--
-- Name: user_attribute; Type: TABLE; Schema: keycloak; Owner: keycloak
--

CREATE TABLE keycloak.user_attribute (
    name character varying(255) NOT NULL,
    value character varying(255),
    user_id character varying(36) NOT NULL,
    id character varying(36) DEFAULT 'sybase-needs-something-here'::character varying NOT NULL,
    long_value_hash bytea,
    long_value_hash_lower_case bytea,
    long_value text
);


ALTER TABLE keycloak.user_attribute OWNER TO keycloak;

--
-- Name: user_consent; Type: TABLE; Schema: keycloak; Owner: keycloak
--

CREATE TABLE keycloak.user_consent (
    id character varying(36) NOT NULL,
    client_id character varying(255),
    user_id character varying(36) NOT NULL,
    created_date bigint,
    last_updated_date bigint,
    client_storage_provider character varying(36),
    external_client_id character varying(255)
);


ALTER TABLE keycloak.user_consent OWNER TO keycloak;

--
-- Name: user_consent_client_scope; Type: TABLE; Schema: keycloak; Owner: keycloak
--

CREATE TABLE keycloak.user_consent_client_scope (
    user_consent_id character varying(36) NOT NULL,
    scope_id character varying(36) NOT NULL
);


ALTER TABLE keycloak.user_consent_client_scope OWNER TO keycloak;

--
-- Name: user_entity; Type: TABLE; Schema: keycloak; Owner: keycloak
--

CREATE TABLE keycloak.user_entity (
    id character varying(36) NOT NULL,
    email character varying(255),
    email_constraint character varying(255),
    email_verified boolean DEFAULT false NOT NULL,
    enabled boolean DEFAULT false NOT NULL,
    federation_link character varying(255),
    first_name character varying(255),
    last_name character varying(255),
    realm_id character varying(255),
    username character varying(255),
    created_timestamp bigint,
    service_account_client_link character varying(255),
    not_before integer DEFAULT 0 NOT NULL
);


ALTER TABLE keycloak.user_entity OWNER TO keycloak;

--
-- Name: user_federation_config; Type: TABLE; Schema: keycloak; Owner: keycloak
--

CREATE TABLE keycloak.user_federation_config (
    user_federation_provider_id character varying(36) NOT NULL,
    value character varying(255),
    name character varying(255) NOT NULL
);


ALTER TABLE keycloak.user_federation_config OWNER TO keycloak;

--
-- Name: user_federation_mapper; Type: TABLE; Schema: keycloak; Owner: keycloak
--

CREATE TABLE keycloak.user_federation_mapper (
    id character varying(36) NOT NULL,
    name character varying(255) NOT NULL,
    federation_provider_id character varying(36) NOT NULL,
    federation_mapper_type character varying(255) NOT NULL,
    realm_id character varying(36) NOT NULL
);


ALTER TABLE keycloak.user_federation_mapper OWNER TO keycloak;

--
-- Name: user_federation_mapper_config; Type: TABLE; Schema: keycloak; Owner: keycloak
--

CREATE TABLE keycloak.user_federation_mapper_config (
    user_federation_mapper_id character varying(36) NOT NULL,
    value character varying(255),
    name character varying(255) NOT NULL
);


ALTER TABLE keycloak.user_federation_mapper_config OWNER TO keycloak;

--
-- Name: user_federation_provider; Type: TABLE; Schema: keycloak; Owner: keycloak
--

CREATE TABLE keycloak.user_federation_provider (
    id character varying(36) NOT NULL,
    changed_sync_period integer,
    display_name character varying(255),
    full_sync_period integer,
    last_sync integer,
    priority integer,
    provider_name character varying(255),
    realm_id character varying(36)
);


ALTER TABLE keycloak.user_federation_provider OWNER TO keycloak;

--
-- Name: user_group_membership; Type: TABLE; Schema: keycloak; Owner: keycloak
--

CREATE TABLE keycloak.user_group_membership (
    group_id character varying(36) NOT NULL,
    user_id character varying(36) NOT NULL
);


ALTER TABLE keycloak.user_group_membership OWNER TO keycloak;

--
-- Name: user_required_action; Type: TABLE; Schema: keycloak; Owner: keycloak
--

CREATE TABLE keycloak.user_required_action (
    user_id character varying(36) NOT NULL,
    required_action character varying(255) DEFAULT ' '::character varying NOT NULL
);


ALTER TABLE keycloak.user_required_action OWNER TO keycloak;

--
-- Name: user_role_mapping; Type: TABLE; Schema: keycloak; Owner: keycloak
--

CREATE TABLE keycloak.user_role_mapping (
    role_id character varying(255) NOT NULL,
    user_id character varying(36) NOT NULL
);


ALTER TABLE keycloak.user_role_mapping OWNER TO keycloak;

--
-- Name: user_session; Type: TABLE; Schema: keycloak; Owner: keycloak
--

CREATE TABLE keycloak.user_session (
    id character varying(36) NOT NULL,
    auth_method character varying(255),
    ip_address character varying(255),
    last_session_refresh integer,
    login_username character varying(255),
    realm_id character varying(255),
    remember_me boolean DEFAULT false NOT NULL,
    started integer,
    user_id character varying(255),
    user_session_state integer,
    broker_session_id character varying(255),
    broker_user_id character varying(255)
);


ALTER TABLE keycloak.user_session OWNER TO keycloak;

--
-- Name: user_session_note; Type: TABLE; Schema: keycloak; Owner: keycloak
--

CREATE TABLE keycloak.user_session_note (
    user_session character varying(36) NOT NULL,
    name character varying(255) NOT NULL,
    value character varying(2048)
);


ALTER TABLE keycloak.user_session_note OWNER TO keycloak;

--
-- Name: username_login_failure; Type: TABLE; Schema: keycloak; Owner: keycloak
--

CREATE TABLE keycloak.username_login_failure (
    realm_id character varying(36) NOT NULL,
    username character varying(255) NOT NULL,
    failed_login_not_before integer,
    last_failure bigint,
    last_ip_failure character varying(255),
    num_failures integer
);


ALTER TABLE keycloak.username_login_failure OWNER TO keycloak;

--
-- Name: web_origins; Type: TABLE; Schema: keycloak; Owner: keycloak
--

CREATE TABLE keycloak.web_origins (
    client_id character varying(36) NOT NULL,
    value character varying(255) NOT NULL
);


ALTER TABLE keycloak.web_origins OWNER TO keycloak;

--
-- Data for Name: admin_event_entity; Type: TABLE DATA; Schema: keycloak; Owner: keycloak
--

COPY keycloak.admin_event_entity (id, admin_event_time, realm_id, operation_type, auth_realm_id, auth_client_id, auth_user_id, ip_address, resource_path, representation, error, resource_type) FROM stdin;
\.


--
-- Data for Name: associated_policy; Type: TABLE DATA; Schema: keycloak; Owner: keycloak
--

COPY keycloak.associated_policy (policy_id, associated_policy_id) FROM stdin;
\.


--
-- Data for Name: authentication_execution; Type: TABLE DATA; Schema: keycloak; Owner: keycloak
--

COPY keycloak.authentication_execution (id, alias, authenticator, realm_id, flow_id, requirement, priority, authenticator_flow, auth_flow_id, auth_config) FROM stdin;
b28043c9-c0ee-40f3-9597-698619634f19	\N	auth-cookie	2e83e3ca-ea3c-48b1-b377-4ccadf701aaa	ccb5c253-8975-45b7-a7c8-2842eb985254	2	10	f	\N	\N
b4b5d5c7-16b3-45e3-b33d-b881f6e654ab	\N	auth-spnego	2e83e3ca-ea3c-48b1-b377-4ccadf701aaa	ccb5c253-8975-45b7-a7c8-2842eb985254	3	20	f	\N	\N
28a9404b-da0e-4f86-95d5-b42504931e5b	\N	identity-provider-redirector	2e83e3ca-ea3c-48b1-b377-4ccadf701aaa	ccb5c253-8975-45b7-a7c8-2842eb985254	2	25	f	\N	\N
9add5e99-9a2a-4888-9a1a-da74b35f8fc2	\N	\N	2e83e3ca-ea3c-48b1-b377-4ccadf701aaa	ccb5c253-8975-45b7-a7c8-2842eb985254	2	30	t	150f7538-4a09-4601-98ea-ffda8d0d916d	\N
0b46fcda-681f-4be5-924c-58d8817dce41	\N	auth-username-password-form	2e83e3ca-ea3c-48b1-b377-4ccadf701aaa	150f7538-4a09-4601-98ea-ffda8d0d916d	0	10	f	\N	\N
41eeaa3f-bda3-4bab-adaf-b2508db2b74d	\N	\N	2e83e3ca-ea3c-48b1-b377-4ccadf701aaa	150f7538-4a09-4601-98ea-ffda8d0d916d	1	20	t	7b3c56ca-4de6-4d1a-a021-e19088c0cf7d	\N
27db2c03-4c03-46a8-8496-6588d3021632	\N	conditional-user-configured	2e83e3ca-ea3c-48b1-b377-4ccadf701aaa	7b3c56ca-4de6-4d1a-a021-e19088c0cf7d	0	10	f	\N	\N
57609ae6-c412-444c-bac4-c81c4c63b902	\N	auth-otp-form	2e83e3ca-ea3c-48b1-b377-4ccadf701aaa	7b3c56ca-4de6-4d1a-a021-e19088c0cf7d	0	20	f	\N	\N
5e4d5955-5914-458f-81e8-05e30473d03b	\N	direct-grant-validate-username	2e83e3ca-ea3c-48b1-b377-4ccadf701aaa	0d7e5074-c5ef-4e31-b346-94617e3fe825	0	10	f	\N	\N
8fa43b29-179f-4217-ab00-a1fefc889e0e	\N	direct-grant-validate-password	2e83e3ca-ea3c-48b1-b377-4ccadf701aaa	0d7e5074-c5ef-4e31-b346-94617e3fe825	0	20	f	\N	\N
b25e28a8-ce90-4c48-ab9c-fa4980aead10	\N	\N	2e83e3ca-ea3c-48b1-b377-4ccadf701aaa	0d7e5074-c5ef-4e31-b346-94617e3fe825	1	30	t	bc97bd21-8609-4298-8d9b-d8c4addc36ec	\N
d1594308-929d-451f-9e6b-20dbf0f7a5dd	\N	conditional-user-configured	2e83e3ca-ea3c-48b1-b377-4ccadf701aaa	bc97bd21-8609-4298-8d9b-d8c4addc36ec	0	10	f	\N	\N
8158efbb-e1cf-4817-a8c0-0c48683ce227	\N	direct-grant-validate-otp	2e83e3ca-ea3c-48b1-b377-4ccadf701aaa	bc97bd21-8609-4298-8d9b-d8c4addc36ec	0	20	f	\N	\N
8cab4592-11df-4439-9d0b-d1ff744b58bf	\N	registration-page-form	2e83e3ca-ea3c-48b1-b377-4ccadf701aaa	6359f81f-ffdd-44f8-8b7b-1c994160edc7	0	10	t	3277ba1f-dfa8-4f65-b875-272f6135aa24	\N
36ed2a96-86dc-493d-84c2-48ab465a4463	\N	registration-user-creation	2e83e3ca-ea3c-48b1-b377-4ccadf701aaa	3277ba1f-dfa8-4f65-b875-272f6135aa24	0	20	f	\N	\N
897bda0c-b7e9-4a54-9ff6-d8b1f8a66b0b	\N	registration-password-action	2e83e3ca-ea3c-48b1-b377-4ccadf701aaa	3277ba1f-dfa8-4f65-b875-272f6135aa24	0	50	f	\N	\N
3c1409ef-a1ab-4862-814a-9e4a6a24372d	\N	registration-recaptcha-action	2e83e3ca-ea3c-48b1-b377-4ccadf701aaa	3277ba1f-dfa8-4f65-b875-272f6135aa24	3	60	f	\N	\N
5cbcaaaa-96c5-4b76-9357-59d47023337d	\N	registration-terms-and-conditions	2e83e3ca-ea3c-48b1-b377-4ccadf701aaa	3277ba1f-dfa8-4f65-b875-272f6135aa24	3	70	f	\N	\N
d7d232d8-b616-41c5-bbde-1abd637b3ed0	\N	reset-credentials-choose-user	2e83e3ca-ea3c-48b1-b377-4ccadf701aaa	6bbc93fc-16d8-4f0c-95bc-174c959e899b	0	10	f	\N	\N
9f706b22-52cb-4100-b65a-99323e875cd5	\N	reset-credential-email	2e83e3ca-ea3c-48b1-b377-4ccadf701aaa	6bbc93fc-16d8-4f0c-95bc-174c959e899b	0	20	f	\N	\N
ac1d23f3-728f-4091-bc63-2677c48e3f11	\N	reset-password	2e83e3ca-ea3c-48b1-b377-4ccadf701aaa	6bbc93fc-16d8-4f0c-95bc-174c959e899b	0	30	f	\N	\N
0efcc1cc-7143-45e8-82e1-e8f96aa9bd6a	\N	\N	2e83e3ca-ea3c-48b1-b377-4ccadf701aaa	6bbc93fc-16d8-4f0c-95bc-174c959e899b	1	40	t	91aba1fa-09b4-4ab8-86a9-b4680ea02cbe	\N
1b697de4-b481-4ca4-8e84-4e5a81741814	\N	conditional-user-configured	2e83e3ca-ea3c-48b1-b377-4ccadf701aaa	91aba1fa-09b4-4ab8-86a9-b4680ea02cbe	0	10	f	\N	\N
d2e7f454-a869-45c7-842e-e44318d7299f	\N	reset-otp	2e83e3ca-ea3c-48b1-b377-4ccadf701aaa	91aba1fa-09b4-4ab8-86a9-b4680ea02cbe	0	20	f	\N	\N
87d1802b-ed71-4256-b017-9bb8f694993a	\N	client-secret	2e83e3ca-ea3c-48b1-b377-4ccadf701aaa	d3abda95-8770-4ab8-b655-a5b250ffa1f0	2	10	f	\N	\N
30674c4f-92b2-498d-b1b1-87ce918f27ad	\N	client-jwt	2e83e3ca-ea3c-48b1-b377-4ccadf701aaa	d3abda95-8770-4ab8-b655-a5b250ffa1f0	2	20	f	\N	\N
ca426b60-7420-4c09-9bf2-147231c7338d	\N	client-secret-jwt	2e83e3ca-ea3c-48b1-b377-4ccadf701aaa	d3abda95-8770-4ab8-b655-a5b250ffa1f0	2	30	f	\N	\N
b85581cd-4a2a-43b6-9b32-4e05f3f279a7	\N	client-x509	2e83e3ca-ea3c-48b1-b377-4ccadf701aaa	d3abda95-8770-4ab8-b655-a5b250ffa1f0	2	40	f	\N	\N
e2124426-73e9-49c5-9ee2-06a75a01f7a4	\N	idp-review-profile	2e83e3ca-ea3c-48b1-b377-4ccadf701aaa	772c1650-6fd3-44a1-a5eb-1f62ee4bcb8f	0	10	f	\N	0138aebd-1656-479d-9ea1-576382b7f32b
d9376015-dbb3-440e-8a7b-524f8dfa6fb6	\N	\N	2e83e3ca-ea3c-48b1-b377-4ccadf701aaa	772c1650-6fd3-44a1-a5eb-1f62ee4bcb8f	0	20	t	2d923953-ff2c-49de-92e1-e5eef728d742	\N
0cf4e1d6-d0d3-4b63-8ddd-aea79c68f190	\N	idp-create-user-if-unique	2e83e3ca-ea3c-48b1-b377-4ccadf701aaa	2d923953-ff2c-49de-92e1-e5eef728d742	2	10	f	\N	dca1910b-add5-4d2d-8d7f-7ae52f300beb
5040988b-249d-4785-ab61-e046df802f04	\N	\N	2e83e3ca-ea3c-48b1-b377-4ccadf701aaa	2d923953-ff2c-49de-92e1-e5eef728d742	2	20	t	a89072f7-ec96-4c76-ba5e-5d866ec3b582	\N
4923510c-fbdc-41d5-b6d6-247d3ee22f7d	\N	idp-confirm-link	2e83e3ca-ea3c-48b1-b377-4ccadf701aaa	a89072f7-ec96-4c76-ba5e-5d866ec3b582	0	10	f	\N	\N
99288bb9-4c12-453f-b6e4-7dfffb0e4b63	\N	\N	2e83e3ca-ea3c-48b1-b377-4ccadf701aaa	a89072f7-ec96-4c76-ba5e-5d866ec3b582	0	20	t	b4a50f0d-585d-412b-80f7-7fec78db1dba	\N
39b1ed0a-b332-4f83-b2a1-49da266e007d	\N	idp-email-verification	2e83e3ca-ea3c-48b1-b377-4ccadf701aaa	b4a50f0d-585d-412b-80f7-7fec78db1dba	2	10	f	\N	\N
d245ad23-41c1-4eab-b999-86f667ff3282	\N	\N	2e83e3ca-ea3c-48b1-b377-4ccadf701aaa	b4a50f0d-585d-412b-80f7-7fec78db1dba	2	20	t	d4d1db5d-f95f-4947-a35d-4fb4999dc23c	\N
8279a7fa-cf46-4c8e-8a4c-eabb82395f3e	\N	idp-username-password-form	2e83e3ca-ea3c-48b1-b377-4ccadf701aaa	d4d1db5d-f95f-4947-a35d-4fb4999dc23c	0	10	f	\N	\N
89db0f8a-006c-4f78-8dd2-2d9f5dca85f1	\N	\N	2e83e3ca-ea3c-48b1-b377-4ccadf701aaa	d4d1db5d-f95f-4947-a35d-4fb4999dc23c	1	20	t	a5044ccf-190b-4bd9-9748-2b9a1a8bb6cd	\N
9fc14aa6-04ca-4e7d-bf9d-8be90ec93325	\N	conditional-user-configured	2e83e3ca-ea3c-48b1-b377-4ccadf701aaa	a5044ccf-190b-4bd9-9748-2b9a1a8bb6cd	0	10	f	\N	\N
d94412d6-8400-4de1-8a26-d25e0c692d20	\N	auth-otp-form	2e83e3ca-ea3c-48b1-b377-4ccadf701aaa	a5044ccf-190b-4bd9-9748-2b9a1a8bb6cd	0	20	f	\N	\N
e43ec7b3-ed02-4518-92c7-9950656cd07a	\N	http-basic-authenticator	2e83e3ca-ea3c-48b1-b377-4ccadf701aaa	2dc3acfb-4040-440c-8ba6-605208a206c1	0	10	f	\N	\N
f9c3e799-5de4-419c-a1ac-b4f8906ecb3e	\N	docker-http-basic-authenticator	2e83e3ca-ea3c-48b1-b377-4ccadf701aaa	bf6390e1-5f9c-43be-9e22-a8702cf17b1d	0	10	f	\N	\N
\.


--
-- Data for Name: authentication_flow; Type: TABLE DATA; Schema: keycloak; Owner: keycloak
--

COPY keycloak.authentication_flow (id, alias, description, realm_id, provider_id, top_level, built_in) FROM stdin;
ccb5c253-8975-45b7-a7c8-2842eb985254	browser	browser based authentication	2e83e3ca-ea3c-48b1-b377-4ccadf701aaa	basic-flow	t	t
150f7538-4a09-4601-98ea-ffda8d0d916d	forms	Username, password, otp and other auth forms.	2e83e3ca-ea3c-48b1-b377-4ccadf701aaa	basic-flow	f	t
7b3c56ca-4de6-4d1a-a021-e19088c0cf7d	Browser - Conditional OTP	Flow to determine if the OTP is required for the authentication	2e83e3ca-ea3c-48b1-b377-4ccadf701aaa	basic-flow	f	t
0d7e5074-c5ef-4e31-b346-94617e3fe825	direct grant	OpenID Connect Resource Owner Grant	2e83e3ca-ea3c-48b1-b377-4ccadf701aaa	basic-flow	t	t
bc97bd21-8609-4298-8d9b-d8c4addc36ec	Direct Grant - Conditional OTP	Flow to determine if the OTP is required for the authentication	2e83e3ca-ea3c-48b1-b377-4ccadf701aaa	basic-flow	f	t
6359f81f-ffdd-44f8-8b7b-1c994160edc7	registration	registration flow	2e83e3ca-ea3c-48b1-b377-4ccadf701aaa	basic-flow	t	t
3277ba1f-dfa8-4f65-b875-272f6135aa24	registration form	registration form	2e83e3ca-ea3c-48b1-b377-4ccadf701aaa	form-flow	f	t
6bbc93fc-16d8-4f0c-95bc-174c959e899b	reset credentials	Reset credentials for a user if they forgot their password or something	2e83e3ca-ea3c-48b1-b377-4ccadf701aaa	basic-flow	t	t
91aba1fa-09b4-4ab8-86a9-b4680ea02cbe	Reset - Conditional OTP	Flow to determine if the OTP should be reset or not. Set to REQUIRED to force.	2e83e3ca-ea3c-48b1-b377-4ccadf701aaa	basic-flow	f	t
d3abda95-8770-4ab8-b655-a5b250ffa1f0	clients	Base authentication for clients	2e83e3ca-ea3c-48b1-b377-4ccadf701aaa	client-flow	t	t
772c1650-6fd3-44a1-a5eb-1f62ee4bcb8f	first broker login	Actions taken after first broker login with identity provider account, which is not yet linked to any Keycloak account	2e83e3ca-ea3c-48b1-b377-4ccadf701aaa	basic-flow	t	t
2d923953-ff2c-49de-92e1-e5eef728d742	User creation or linking	Flow for the existing/non-existing user alternatives	2e83e3ca-ea3c-48b1-b377-4ccadf701aaa	basic-flow	f	t
a89072f7-ec96-4c76-ba5e-5d866ec3b582	Handle Existing Account	Handle what to do if there is existing account with same email/username like authenticated identity provider	2e83e3ca-ea3c-48b1-b377-4ccadf701aaa	basic-flow	f	t
b4a50f0d-585d-412b-80f7-7fec78db1dba	Account verification options	Method with which to verity the existing account	2e83e3ca-ea3c-48b1-b377-4ccadf701aaa	basic-flow	f	t
d4d1db5d-f95f-4947-a35d-4fb4999dc23c	Verify Existing Account by Re-authentication	Reauthentication of existing account	2e83e3ca-ea3c-48b1-b377-4ccadf701aaa	basic-flow	f	t
a5044ccf-190b-4bd9-9748-2b9a1a8bb6cd	First broker login - Conditional OTP	Flow to determine if the OTP is required for the authentication	2e83e3ca-ea3c-48b1-b377-4ccadf701aaa	basic-flow	f	t
2dc3acfb-4040-440c-8ba6-605208a206c1	saml ecp	SAML ECP Profile Authentication Flow	2e83e3ca-ea3c-48b1-b377-4ccadf701aaa	basic-flow	t	t
bf6390e1-5f9c-43be-9e22-a8702cf17b1d	docker auth	Used by Docker clients to authenticate against the IDP	2e83e3ca-ea3c-48b1-b377-4ccadf701aaa	basic-flow	t	t
\.


--
-- Data for Name: authenticator_config; Type: TABLE DATA; Schema: keycloak; Owner: keycloak
--

COPY keycloak.authenticator_config (id, alias, realm_id) FROM stdin;
0138aebd-1656-479d-9ea1-576382b7f32b	review profile config	2e83e3ca-ea3c-48b1-b377-4ccadf701aaa
dca1910b-add5-4d2d-8d7f-7ae52f300beb	create unique user config	2e83e3ca-ea3c-48b1-b377-4ccadf701aaa
\.


--
-- Data for Name: authenticator_config_entry; Type: TABLE DATA; Schema: keycloak; Owner: keycloak
--

COPY keycloak.authenticator_config_entry (authenticator_id, value, name) FROM stdin;
0138aebd-1656-479d-9ea1-576382b7f32b	missing	update.profile.on.first.login
dca1910b-add5-4d2d-8d7f-7ae52f300beb	false	require.password.update.after.registration
\.


--
-- Data for Name: broker_link; Type: TABLE DATA; Schema: keycloak; Owner: keycloak
--

COPY keycloak.broker_link (identity_provider, storage_provider_id, realm_id, broker_user_id, broker_username, token, user_id) FROM stdin;
\.


--
-- Data for Name: client; Type: TABLE DATA; Schema: keycloak; Owner: keycloak
--

COPY keycloak.client (id, enabled, full_scope_allowed, client_id, not_before, public_client, secret, base_url, bearer_only, management_url, surrogate_auth_required, realm_id, protocol, node_rereg_timeout, frontchannel_logout, consent_required, name, service_accounts_enabled, client_authenticator_type, root_url, description, registration_token, standard_flow_enabled, implicit_flow_enabled, direct_access_grants_enabled, always_display_in_console) FROM stdin;
f1d0809c-2dd2-4a84-8abe-07ca42a310d2	t	f	master-realm	0	f	\N	\N	t	\N	f	2e83e3ca-ea3c-48b1-b377-4ccadf701aaa	\N	0	f	f	master Realm	f	client-secret	\N	\N	\N	t	f	f	f
ac0c6265-30ff-4de6-b729-69d4e1ccb87c	t	f	account	0	t	\N	/realms/master/account/	f	\N	f	2e83e3ca-ea3c-48b1-b377-4ccadf701aaa	openid-connect	0	f	f	${client_account}	f	client-secret	${authBaseUrl}	\N	\N	t	f	f	f
bb71e398-1eee-4d26-bb3c-cff95ee0293b	t	f	account-console	0	t	\N	/realms/master/account/	f	\N	f	2e83e3ca-ea3c-48b1-b377-4ccadf701aaa	openid-connect	0	f	f	${client_account-console}	f	client-secret	${authBaseUrl}	\N	\N	t	f	f	f
67d5f056-8de0-48f1-8773-1170a4438d8c	t	f	broker	0	f	\N	\N	t	\N	f	2e83e3ca-ea3c-48b1-b377-4ccadf701aaa	openid-connect	0	f	f	${client_broker}	f	client-secret	\N	\N	\N	t	f	f	f
22de374b-29ac-414a-989a-c0bffb2f6fed	t	f	security-admin-console	0	t	\N	/admin/master/console/	f	\N	f	2e83e3ca-ea3c-48b1-b377-4ccadf701aaa	openid-connect	0	f	f	${client_security-admin-console}	f	client-secret	${authAdminUrl}	\N	\N	t	f	f	f
bc5bf7eb-2403-48a4-a6d8-5c70465bd7f5	t	f	admin-cli	0	t	\N	\N	f	\N	f	2e83e3ca-ea3c-48b1-b377-4ccadf701aaa	openid-connect	0	f	f	${client_admin-cli}	f	client-secret	\N	\N	\N	f	f	t	f
\.


--
-- Data for Name: client_attributes; Type: TABLE DATA; Schema: keycloak; Owner: keycloak
--

COPY keycloak.client_attributes (client_id, name, value) FROM stdin;
ac0c6265-30ff-4de6-b729-69d4e1ccb87c	post.logout.redirect.uris	+
bb71e398-1eee-4d26-bb3c-cff95ee0293b	post.logout.redirect.uris	+
bb71e398-1eee-4d26-bb3c-cff95ee0293b	pkce.code.challenge.method	S256
22de374b-29ac-414a-989a-c0bffb2f6fed	post.logout.redirect.uris	+
22de374b-29ac-414a-989a-c0bffb2f6fed	pkce.code.challenge.method	S256
\.


--
-- Data for Name: client_auth_flow_bindings; Type: TABLE DATA; Schema: keycloak; Owner: keycloak
--

COPY keycloak.client_auth_flow_bindings (client_id, flow_id, binding_name) FROM stdin;
\.


--
-- Data for Name: client_initial_access; Type: TABLE DATA; Schema: keycloak; Owner: keycloak
--

COPY keycloak.client_initial_access (id, realm_id, "timestamp", expiration, count, remaining_count) FROM stdin;
\.


--
-- Data for Name: client_node_registrations; Type: TABLE DATA; Schema: keycloak; Owner: keycloak
--

COPY keycloak.client_node_registrations (client_id, value, name) FROM stdin;
\.


--
-- Data for Name: client_scope; Type: TABLE DATA; Schema: keycloak; Owner: keycloak
--

COPY keycloak.client_scope (id, name, realm_id, description, protocol) FROM stdin;
6deaa062-109d-455d-8d34-6966145e2c11	offline_access	2e83e3ca-ea3c-48b1-b377-4ccadf701aaa	OpenID Connect built-in scope: offline_access	openid-connect
1e172936-614c-4fd1-addd-08f0449f1945	role_list	2e83e3ca-ea3c-48b1-b377-4ccadf701aaa	SAML role list	saml
7c7e8a46-07ef-4bfc-8c07-865f32681535	profile	2e83e3ca-ea3c-48b1-b377-4ccadf701aaa	OpenID Connect built-in scope: profile	openid-connect
0d6b25d5-be71-47de-9f85-67f0a715c663	email	2e83e3ca-ea3c-48b1-b377-4ccadf701aaa	OpenID Connect built-in scope: email	openid-connect
45f55b31-1cf6-4143-8677-fcbc8baaaefc	address	2e83e3ca-ea3c-48b1-b377-4ccadf701aaa	OpenID Connect built-in scope: address	openid-connect
94e35147-a7d1-4c90-8552-63bdee3d3867	phone	2e83e3ca-ea3c-48b1-b377-4ccadf701aaa	OpenID Connect built-in scope: phone	openid-connect
e29c14b5-3539-4971-bd68-cde00099ee42	roles	2e83e3ca-ea3c-48b1-b377-4ccadf701aaa	OpenID Connect scope for add user roles to the access token	openid-connect
e6d221ff-cc82-4e7a-a319-94f9e22b6c96	web-origins	2e83e3ca-ea3c-48b1-b377-4ccadf701aaa	OpenID Connect scope for add allowed web origins to the access token	openid-connect
2a6fc2b6-2ebf-4bca-ba8e-e992eea111d2	microprofile-jwt	2e83e3ca-ea3c-48b1-b377-4ccadf701aaa	Microprofile - JWT built-in scope	openid-connect
80521878-9887-41db-a4bb-de75980dcf27	acr	2e83e3ca-ea3c-48b1-b377-4ccadf701aaa	OpenID Connect scope for add acr (authentication context class reference) to the token	openid-connect
\.


--
-- Data for Name: client_scope_attributes; Type: TABLE DATA; Schema: keycloak; Owner: keycloak
--

COPY keycloak.client_scope_attributes (scope_id, value, name) FROM stdin;
6deaa062-109d-455d-8d34-6966145e2c11	true	display.on.consent.screen
6deaa062-109d-455d-8d34-6966145e2c11	${offlineAccessScopeConsentText}	consent.screen.text
1e172936-614c-4fd1-addd-08f0449f1945	true	display.on.consent.screen
1e172936-614c-4fd1-addd-08f0449f1945	${samlRoleListScopeConsentText}	consent.screen.text
7c7e8a46-07ef-4bfc-8c07-865f32681535	true	display.on.consent.screen
7c7e8a46-07ef-4bfc-8c07-865f32681535	${profileScopeConsentText}	consent.screen.text
7c7e8a46-07ef-4bfc-8c07-865f32681535	true	include.in.token.scope
0d6b25d5-be71-47de-9f85-67f0a715c663	true	display.on.consent.screen
0d6b25d5-be71-47de-9f85-67f0a715c663	${emailScopeConsentText}	consent.screen.text
0d6b25d5-be71-47de-9f85-67f0a715c663	true	include.in.token.scope
45f55b31-1cf6-4143-8677-fcbc8baaaefc	true	display.on.consent.screen
45f55b31-1cf6-4143-8677-fcbc8baaaefc	${addressScopeConsentText}	consent.screen.text
45f55b31-1cf6-4143-8677-fcbc8baaaefc	true	include.in.token.scope
94e35147-a7d1-4c90-8552-63bdee3d3867	true	display.on.consent.screen
94e35147-a7d1-4c90-8552-63bdee3d3867	${phoneScopeConsentText}	consent.screen.text
94e35147-a7d1-4c90-8552-63bdee3d3867	true	include.in.token.scope
e29c14b5-3539-4971-bd68-cde00099ee42	true	display.on.consent.screen
e29c14b5-3539-4971-bd68-cde00099ee42	${rolesScopeConsentText}	consent.screen.text
e29c14b5-3539-4971-bd68-cde00099ee42	false	include.in.token.scope
e6d221ff-cc82-4e7a-a319-94f9e22b6c96	false	display.on.consent.screen
e6d221ff-cc82-4e7a-a319-94f9e22b6c96		consent.screen.text
e6d221ff-cc82-4e7a-a319-94f9e22b6c96	false	include.in.token.scope
2a6fc2b6-2ebf-4bca-ba8e-e992eea111d2	false	display.on.consent.screen
2a6fc2b6-2ebf-4bca-ba8e-e992eea111d2	true	include.in.token.scope
80521878-9887-41db-a4bb-de75980dcf27	false	display.on.consent.screen
80521878-9887-41db-a4bb-de75980dcf27	false	include.in.token.scope
\.


--
-- Data for Name: client_scope_client; Type: TABLE DATA; Schema: keycloak; Owner: keycloak
--

COPY keycloak.client_scope_client (client_id, scope_id, default_scope) FROM stdin;
ac0c6265-30ff-4de6-b729-69d4e1ccb87c	0d6b25d5-be71-47de-9f85-67f0a715c663	t
ac0c6265-30ff-4de6-b729-69d4e1ccb87c	e29c14b5-3539-4971-bd68-cde00099ee42	t
ac0c6265-30ff-4de6-b729-69d4e1ccb87c	e6d221ff-cc82-4e7a-a319-94f9e22b6c96	t
ac0c6265-30ff-4de6-b729-69d4e1ccb87c	80521878-9887-41db-a4bb-de75980dcf27	t
ac0c6265-30ff-4de6-b729-69d4e1ccb87c	7c7e8a46-07ef-4bfc-8c07-865f32681535	t
ac0c6265-30ff-4de6-b729-69d4e1ccb87c	2a6fc2b6-2ebf-4bca-ba8e-e992eea111d2	f
ac0c6265-30ff-4de6-b729-69d4e1ccb87c	6deaa062-109d-455d-8d34-6966145e2c11	f
ac0c6265-30ff-4de6-b729-69d4e1ccb87c	94e35147-a7d1-4c90-8552-63bdee3d3867	f
ac0c6265-30ff-4de6-b729-69d4e1ccb87c	45f55b31-1cf6-4143-8677-fcbc8baaaefc	f
bb71e398-1eee-4d26-bb3c-cff95ee0293b	0d6b25d5-be71-47de-9f85-67f0a715c663	t
bb71e398-1eee-4d26-bb3c-cff95ee0293b	e29c14b5-3539-4971-bd68-cde00099ee42	t
bb71e398-1eee-4d26-bb3c-cff95ee0293b	e6d221ff-cc82-4e7a-a319-94f9e22b6c96	t
bb71e398-1eee-4d26-bb3c-cff95ee0293b	80521878-9887-41db-a4bb-de75980dcf27	t
bb71e398-1eee-4d26-bb3c-cff95ee0293b	7c7e8a46-07ef-4bfc-8c07-865f32681535	t
bb71e398-1eee-4d26-bb3c-cff95ee0293b	2a6fc2b6-2ebf-4bca-ba8e-e992eea111d2	f
bb71e398-1eee-4d26-bb3c-cff95ee0293b	6deaa062-109d-455d-8d34-6966145e2c11	f
bb71e398-1eee-4d26-bb3c-cff95ee0293b	94e35147-a7d1-4c90-8552-63bdee3d3867	f
bb71e398-1eee-4d26-bb3c-cff95ee0293b	45f55b31-1cf6-4143-8677-fcbc8baaaefc	f
bc5bf7eb-2403-48a4-a6d8-5c70465bd7f5	0d6b25d5-be71-47de-9f85-67f0a715c663	t
bc5bf7eb-2403-48a4-a6d8-5c70465bd7f5	e29c14b5-3539-4971-bd68-cde00099ee42	t
bc5bf7eb-2403-48a4-a6d8-5c70465bd7f5	e6d221ff-cc82-4e7a-a319-94f9e22b6c96	t
bc5bf7eb-2403-48a4-a6d8-5c70465bd7f5	80521878-9887-41db-a4bb-de75980dcf27	t
bc5bf7eb-2403-48a4-a6d8-5c70465bd7f5	7c7e8a46-07ef-4bfc-8c07-865f32681535	t
bc5bf7eb-2403-48a4-a6d8-5c70465bd7f5	2a6fc2b6-2ebf-4bca-ba8e-e992eea111d2	f
bc5bf7eb-2403-48a4-a6d8-5c70465bd7f5	6deaa062-109d-455d-8d34-6966145e2c11	f
bc5bf7eb-2403-48a4-a6d8-5c70465bd7f5	94e35147-a7d1-4c90-8552-63bdee3d3867	f
bc5bf7eb-2403-48a4-a6d8-5c70465bd7f5	45f55b31-1cf6-4143-8677-fcbc8baaaefc	f
67d5f056-8de0-48f1-8773-1170a4438d8c	0d6b25d5-be71-47de-9f85-67f0a715c663	t
67d5f056-8de0-48f1-8773-1170a4438d8c	e29c14b5-3539-4971-bd68-cde00099ee42	t
67d5f056-8de0-48f1-8773-1170a4438d8c	e6d221ff-cc82-4e7a-a319-94f9e22b6c96	t
67d5f056-8de0-48f1-8773-1170a4438d8c	80521878-9887-41db-a4bb-de75980dcf27	t
67d5f056-8de0-48f1-8773-1170a4438d8c	7c7e8a46-07ef-4bfc-8c07-865f32681535	t
67d5f056-8de0-48f1-8773-1170a4438d8c	2a6fc2b6-2ebf-4bca-ba8e-e992eea111d2	f
67d5f056-8de0-48f1-8773-1170a4438d8c	6deaa062-109d-455d-8d34-6966145e2c11	f
67d5f056-8de0-48f1-8773-1170a4438d8c	94e35147-a7d1-4c90-8552-63bdee3d3867	f
67d5f056-8de0-48f1-8773-1170a4438d8c	45f55b31-1cf6-4143-8677-fcbc8baaaefc	f
f1d0809c-2dd2-4a84-8abe-07ca42a310d2	0d6b25d5-be71-47de-9f85-67f0a715c663	t
f1d0809c-2dd2-4a84-8abe-07ca42a310d2	e29c14b5-3539-4971-bd68-cde00099ee42	t
f1d0809c-2dd2-4a84-8abe-07ca42a310d2	e6d221ff-cc82-4e7a-a319-94f9e22b6c96	t
f1d0809c-2dd2-4a84-8abe-07ca42a310d2	80521878-9887-41db-a4bb-de75980dcf27	t
f1d0809c-2dd2-4a84-8abe-07ca42a310d2	7c7e8a46-07ef-4bfc-8c07-865f32681535	t
f1d0809c-2dd2-4a84-8abe-07ca42a310d2	2a6fc2b6-2ebf-4bca-ba8e-e992eea111d2	f
f1d0809c-2dd2-4a84-8abe-07ca42a310d2	6deaa062-109d-455d-8d34-6966145e2c11	f
f1d0809c-2dd2-4a84-8abe-07ca42a310d2	94e35147-a7d1-4c90-8552-63bdee3d3867	f
f1d0809c-2dd2-4a84-8abe-07ca42a310d2	45f55b31-1cf6-4143-8677-fcbc8baaaefc	f
22de374b-29ac-414a-989a-c0bffb2f6fed	0d6b25d5-be71-47de-9f85-67f0a715c663	t
22de374b-29ac-414a-989a-c0bffb2f6fed	e29c14b5-3539-4971-bd68-cde00099ee42	t
22de374b-29ac-414a-989a-c0bffb2f6fed	e6d221ff-cc82-4e7a-a319-94f9e22b6c96	t
22de374b-29ac-414a-989a-c0bffb2f6fed	80521878-9887-41db-a4bb-de75980dcf27	t
22de374b-29ac-414a-989a-c0bffb2f6fed	7c7e8a46-07ef-4bfc-8c07-865f32681535	t
22de374b-29ac-414a-989a-c0bffb2f6fed	2a6fc2b6-2ebf-4bca-ba8e-e992eea111d2	f
22de374b-29ac-414a-989a-c0bffb2f6fed	6deaa062-109d-455d-8d34-6966145e2c11	f
22de374b-29ac-414a-989a-c0bffb2f6fed	94e35147-a7d1-4c90-8552-63bdee3d3867	f
22de374b-29ac-414a-989a-c0bffb2f6fed	45f55b31-1cf6-4143-8677-fcbc8baaaefc	f
\.


--
-- Data for Name: client_scope_role_mapping; Type: TABLE DATA; Schema: keycloak; Owner: keycloak
--

COPY keycloak.client_scope_role_mapping (scope_id, role_id) FROM stdin;
6deaa062-109d-455d-8d34-6966145e2c11	49645fde-fc9d-4daa-8f6b-9c7420f519ae
\.


--
-- Data for Name: client_session; Type: TABLE DATA; Schema: keycloak; Owner: keycloak
--

COPY keycloak.client_session (id, client_id, redirect_uri, state, "timestamp", session_id, auth_method, realm_id, auth_user_id, current_action) FROM stdin;
\.


--
-- Data for Name: client_session_auth_status; Type: TABLE DATA; Schema: keycloak; Owner: keycloak
--

COPY keycloak.client_session_auth_status (authenticator, status, client_session) FROM stdin;
\.


--
-- Data for Name: client_session_note; Type: TABLE DATA; Schema: keycloak; Owner: keycloak
--

COPY keycloak.client_session_note (name, value, client_session) FROM stdin;
\.


--
-- Data for Name: client_session_prot_mapper; Type: TABLE DATA; Schema: keycloak; Owner: keycloak
--

COPY keycloak.client_session_prot_mapper (protocol_mapper_id, client_session) FROM stdin;
\.


--
-- Data for Name: client_session_role; Type: TABLE DATA; Schema: keycloak; Owner: keycloak
--

COPY keycloak.client_session_role (role_id, client_session) FROM stdin;
\.


--
-- Data for Name: client_user_session_note; Type: TABLE DATA; Schema: keycloak; Owner: keycloak
--

COPY keycloak.client_user_session_note (name, value, client_session) FROM stdin;
\.


--
-- Data for Name: component; Type: TABLE DATA; Schema: keycloak; Owner: keycloak
--

COPY keycloak.component (id, name, parent_id, provider_id, provider_type, realm_id, sub_type) FROM stdin;
79b269da-d963-4d8f-9f32-4dbc589fe8fe	Trusted Hosts	2e83e3ca-ea3c-48b1-b377-4ccadf701aaa	trusted-hosts	org.keycloak.services.clientregistration.policy.ClientRegistrationPolicy	2e83e3ca-ea3c-48b1-b377-4ccadf701aaa	anonymous
690d298a-5971-4cf1-9506-642387b5f75e	Consent Required	2e83e3ca-ea3c-48b1-b377-4ccadf701aaa	consent-required	org.keycloak.services.clientregistration.policy.ClientRegistrationPolicy	2e83e3ca-ea3c-48b1-b377-4ccadf701aaa	anonymous
31f9916d-89ff-454c-99e6-6adffad27a50	Full Scope Disabled	2e83e3ca-ea3c-48b1-b377-4ccadf701aaa	scope	org.keycloak.services.clientregistration.policy.ClientRegistrationPolicy	2e83e3ca-ea3c-48b1-b377-4ccadf701aaa	anonymous
e256b0f3-7cc2-4f6c-ad55-417396fd4b5a	Max Clients Limit	2e83e3ca-ea3c-48b1-b377-4ccadf701aaa	max-clients	org.keycloak.services.clientregistration.policy.ClientRegistrationPolicy	2e83e3ca-ea3c-48b1-b377-4ccadf701aaa	anonymous
d61bf102-7bdc-4f90-b5a7-16768fab5b05	Allowed Protocol Mapper Types	2e83e3ca-ea3c-48b1-b377-4ccadf701aaa	allowed-protocol-mappers	org.keycloak.services.clientregistration.policy.ClientRegistrationPolicy	2e83e3ca-ea3c-48b1-b377-4ccadf701aaa	anonymous
2b3585b2-40a8-4be2-8e22-ba138c6856d5	Allowed Client Scopes	2e83e3ca-ea3c-48b1-b377-4ccadf701aaa	allowed-client-templates	org.keycloak.services.clientregistration.policy.ClientRegistrationPolicy	2e83e3ca-ea3c-48b1-b377-4ccadf701aaa	anonymous
07f6d332-eba5-4ea2-b34d-4ce56c4d44fe	Allowed Protocol Mapper Types	2e83e3ca-ea3c-48b1-b377-4ccadf701aaa	allowed-protocol-mappers	org.keycloak.services.clientregistration.policy.ClientRegistrationPolicy	2e83e3ca-ea3c-48b1-b377-4ccadf701aaa	authenticated
92be1cc9-1fae-4d0f-9aa4-81c2fa76667f	Allowed Client Scopes	2e83e3ca-ea3c-48b1-b377-4ccadf701aaa	allowed-client-templates	org.keycloak.services.clientregistration.policy.ClientRegistrationPolicy	2e83e3ca-ea3c-48b1-b377-4ccadf701aaa	authenticated
ee441f43-b710-4006-b61b-2131bf3db801	rsa-generated	2e83e3ca-ea3c-48b1-b377-4ccadf701aaa	rsa-generated	org.keycloak.keys.KeyProvider	2e83e3ca-ea3c-48b1-b377-4ccadf701aaa	\N
dcd3ce0a-57a2-4d9d-9376-a9ff3b59ac37	rsa-enc-generated	2e83e3ca-ea3c-48b1-b377-4ccadf701aaa	rsa-enc-generated	org.keycloak.keys.KeyProvider	2e83e3ca-ea3c-48b1-b377-4ccadf701aaa	\N
3db07dae-1811-48b4-b311-841893ba5591	hmac-generated-hs512	2e83e3ca-ea3c-48b1-b377-4ccadf701aaa	hmac-generated	org.keycloak.keys.KeyProvider	2e83e3ca-ea3c-48b1-b377-4ccadf701aaa	\N
bc4c6060-dce9-4eef-aa46-7149f44fe9a7	aes-generated	2e83e3ca-ea3c-48b1-b377-4ccadf701aaa	aes-generated	org.keycloak.keys.KeyProvider	2e83e3ca-ea3c-48b1-b377-4ccadf701aaa	\N
aa7c789c-eacc-43bf-99f1-5cbdadfcd3ea	\N	2e83e3ca-ea3c-48b1-b377-4ccadf701aaa	declarative-user-profile	org.keycloak.userprofile.UserProfileProvider	2e83e3ca-ea3c-48b1-b377-4ccadf701aaa	\N
\.


--
-- Data for Name: component_config; Type: TABLE DATA; Schema: keycloak; Owner: keycloak
--

COPY keycloak.component_config (id, component_id, name, value) FROM stdin;
6de59dae-ca0d-438d-bcfc-7cef315f3dcf	e256b0f3-7cc2-4f6c-ad55-417396fd4b5a	max-clients	200
0f25ede7-4f57-4054-99e4-f5a4fb94c939	79b269da-d963-4d8f-9f32-4dbc589fe8fe	client-uris-must-match	true
75286691-f569-4d19-88b0-3d2a3b47dd95	79b269da-d963-4d8f-9f32-4dbc589fe8fe	host-sending-registration-request-must-match	true
599d6e3d-0f69-428a-8b01-2fc8f0f51acc	92be1cc9-1fae-4d0f-9aa4-81c2fa76667f	allow-default-scopes	true
93c45878-5be6-4534-a765-5b8a742fa08e	d61bf102-7bdc-4f90-b5a7-16768fab5b05	allowed-protocol-mapper-types	saml-user-property-mapper
a76b5ad1-bdc9-4314-b94a-4150ff02e2f7	d61bf102-7bdc-4f90-b5a7-16768fab5b05	allowed-protocol-mapper-types	oidc-usermodel-property-mapper
9417655a-cbce-458f-9759-56839c416c68	d61bf102-7bdc-4f90-b5a7-16768fab5b05	allowed-protocol-mapper-types	oidc-usermodel-attribute-mapper
1a7f9d7e-153d-4fae-8a26-3918fce32848	d61bf102-7bdc-4f90-b5a7-16768fab5b05	allowed-protocol-mapper-types	oidc-address-mapper
d590ab76-fe3a-4932-9567-8b07e0039c52	d61bf102-7bdc-4f90-b5a7-16768fab5b05	allowed-protocol-mapper-types	saml-user-attribute-mapper
cb5c3014-1d17-4f77-89bc-07b7368e1f79	d61bf102-7bdc-4f90-b5a7-16768fab5b05	allowed-protocol-mapper-types	saml-role-list-mapper
c69012de-e880-47d4-a243-6019e00926eb	d61bf102-7bdc-4f90-b5a7-16768fab5b05	allowed-protocol-mapper-types	oidc-sha256-pairwise-sub-mapper
8721fd25-9106-4d1d-a93f-3efad424e989	d61bf102-7bdc-4f90-b5a7-16768fab5b05	allowed-protocol-mapper-types	oidc-full-name-mapper
5c9e4bc4-3e11-4765-840c-d6690a911ac1	2b3585b2-40a8-4be2-8e22-ba138c6856d5	allow-default-scopes	true
c6828743-43a3-4aa3-a8b7-79c428768be3	07f6d332-eba5-4ea2-b34d-4ce56c4d44fe	allowed-protocol-mapper-types	oidc-usermodel-attribute-mapper
c2c92b41-3f2e-430e-b702-3a0829147436	07f6d332-eba5-4ea2-b34d-4ce56c4d44fe	allowed-protocol-mapper-types	saml-user-property-mapper
8f18f98e-d649-4987-9240-602bf403168f	07f6d332-eba5-4ea2-b34d-4ce56c4d44fe	allowed-protocol-mapper-types	oidc-sha256-pairwise-sub-mapper
72f4573c-ef8d-4acb-92d4-b296fb1ab3a4	07f6d332-eba5-4ea2-b34d-4ce56c4d44fe	allowed-protocol-mapper-types	saml-user-attribute-mapper
f41157e7-e0e2-4422-bf01-f2e9859176fc	07f6d332-eba5-4ea2-b34d-4ce56c4d44fe	allowed-protocol-mapper-types	saml-role-list-mapper
a2b40fc9-5b6f-4e6d-b5c1-65a514e7191c	07f6d332-eba5-4ea2-b34d-4ce56c4d44fe	allowed-protocol-mapper-types	oidc-address-mapper
db9074cd-aad4-4c34-8268-1a381b9d912a	07f6d332-eba5-4ea2-b34d-4ce56c4d44fe	allowed-protocol-mapper-types	oidc-usermodel-property-mapper
d8a1f30c-c55b-4b4c-9c5a-b909ce7d5591	07f6d332-eba5-4ea2-b34d-4ce56c4d44fe	allowed-protocol-mapper-types	oidc-full-name-mapper
d519caea-db99-4cbf-ac5f-1ec6e6154057	ee441f43-b710-4006-b61b-2131bf3db801	keyUse	SIG
57f46d28-baad-47be-9631-dd4fead5ebda	ee441f43-b710-4006-b61b-2131bf3db801	priority	100
1ca643d3-43de-4473-97d0-3f1bc0f6307b	ee441f43-b710-4006-b61b-2131bf3db801	privateKey	MIIEowIBAAKCAQEAu3OnqIp1q/hae7B1ec+Ih1HpZsyr7qFDBk9GnLx0fH8HA9c/EnM/LwRU8w2BE34496+UU2vvvJGcnjHP34xbDcztRW3PLVAsjbs3v8/a0P1rhpaWKlJUMFb/cbwqQ47t7Tncvxaz5NfOcUA7KPGH3ezxtlohvl+xaRobnvhCcmdlZcnucy+XVxhwYDRB+BOkd6BnSRSPS5A/apty63a+xivxTg0uMoch9rOlTQ3PjWfEZ3cVFPlF95i3Fh8KgXNdF37gisOTi+7xwIBtBwN4KxkN9SLqto9HqzNvHf5u9g6UHfwtmxi8QvErQt0XJrM0GDAWWZlaANPX6Vi00DLZQwIDAQABAoIBAEWncb7iiFw5ImJAzT5QvDJQYTLmTeMTwESZc6stKfnS9+fY9WJlOa6+ZNSWCYcVSZTcBPlEq+Y9k12DM/OlA3aq1eYNKkVzu8KEtXAMjApJiMmPrkgWpJr70NrR6UCGXWnfrOPCy2D3Qgp6LCGIMozoDV9Nuak0hMeBwI6/QG2i1Atg8qe0jDzjHS2i7ambOD6IMVvEcL5DUflD0eiygInOr1y8kCQRtOku7p4EsHzv8p9JpnO7nFYxyO9bd5qHTOdvnQpPyGdZv5saa6j6juX7AtU97HUOsw/UVm/6oDPcHPDm2HSre1ZjGzMVqLXpd9rYS27AyrJx3Y3ilTNycB0CgYEA6Btr4GcYG+qkTX6ShTY3AkysTTURNowB3SgS1QIHFRmQ/G09Rd25GBoBeKpJTfXQhIQ/j8pvl4/TGKJ2cicMirI0EuC6DKLzNHuLzg2uz1gy9wpUha1gVJ8+tOEyTOtaqemXsmdX+3iQU0RLBU7iD9Tz1eNCjvGBhnTHEfMGk5UCgYEAzr91WC2aSsi4rPENWoEF/tzA4HHxOooEO//mCEOonaPDGzumQQRBlZZJVm2HvshhAXE1Xk7CAVllKDKizvxFQxxpFDZ7pAGzi/qYxGzKNtVphA7kY7YmjdmdID7F5bTwva4G5bUAfoBmF/xgAH3l/Wv5XVVtkuVEPgVSRchjg3cCgYB87VVw4MxfKjno4/lk7btJ547Nt4ReQZk3Obx5HbBGMQ6SbxGNqztWt5iXI8B0z5u915iGgkTx5J2QItFxu4bKmAPjLUW2S3ZvhxfGfiLawvQbd1nq4Vh584RCwvrZ38tarLnTckAuv8OeraFbaAvQzaO4Oau3WFGI1w3WoWGmyQKBgQCoQ5ZjT6oVV0tGJWFy2TNh+5RWlyV3OUC8/EXhT/95XQC7t05V9/rQneHOH5KtKTQaEmMXAA5RPspfbuamgxZzyjmTI8x47JGOSUPwCYKCIiqgOeaTaHn0VLnWtoAltZ+BIJOofCmMyz9MIjCX9d8q46et2Is3VLS3rWkKNk8XfQKBgBRLxLRi31ktJsgIm9zjK8q5ndbGQO3ja756b9hXn2xl975ImvqaxB7Jev0+EuAejw4TBc6cEeIC4H2L9VoCJZqmq5TunVzP7zSUGq/u2VA4aeuAVX907A3/QAY63e7rzilAU96S/UWpt51FJa3ELduOWoHDvGHjjfM+NAgHWRzn
0cf64b91-3a75-40db-9f56-212dc0be061c	ee441f43-b710-4006-b61b-2131bf3db801	certificate	MIICmzCCAYMCBgGPOYgTkDANBgkqhkiG9w0BAQsFADARMQ8wDQYDVQQDDAZtYXN0ZXIwHhcNMjQwNTAyMTMzNzUwWhcNMzQwNTAyMTMzOTMwWjARMQ8wDQYDVQQDDAZtYXN0ZXIwggEiMA0GCSqGSIb3DQEBAQUAA4IBDwAwggEKAoIBAQC7c6eoinWr+Fp7sHV5z4iHUelmzKvuoUMGT0acvHR8fwcD1z8Scz8vBFTzDYETfjj3r5RTa++8kZyeMc/fjFsNzO1Fbc8tUCyNuze/z9rQ/WuGlpYqUlQwVv9xvCpDju3tOdy/FrPk185xQDso8Yfd7PG2WiG+X7FpGhue+EJyZ2Vlye5zL5dXGHBgNEH4E6R3oGdJFI9LkD9qm3Lrdr7GK/FODS4yhyH2s6VNDc+NZ8RndxUU+UX3mLcWHwqBc10XfuCKw5OL7vHAgG0HA3grGQ31Iuq2j0erM28d/m72DpQd/C2bGLxC8StC3RcmszQYMBZZmVoA09fpWLTQMtlDAgMBAAEwDQYJKoZIhvcNAQELBQADggEBACnjU2AfKb3KVhX21EIXKwocxXqdu6crG4nOfoYpWkeTkcnJkwIFsV/me+7eX5696EWecL1A3OKH6yV1eatmOWAm94a9p5IQCnprCpWZz5t67EOe3uYgJvTTl12HBDMv0Nn9A6Mg09do9FmSMOezOYk/YqGv4iJCg1dzC27BOIZy1B/urxbgAoQ1Wq9pwvy4IaHhkUfJm2h0pO87sFLXU5bmpVskmEEG289Jx3ChmWnzZXFL+Vp7OgzM7g+27bpzCx8kTbvf4LuoVNcuceJ2Riwq8OGc1xWLXY99pVxkxWaDbN7mEIqvBjjq5CYVwRNvCU3lEn9RDDZDD2ziL7PhmLo=
08173851-ce58-4a97-b879-fc2f2cff9ace	bc4c6060-dce9-4eef-aa46-7149f44fe9a7	kid	0394dade-e6b4-4358-827a-644d179bab34
cd190c0e-40cc-4549-85f1-c735b090f858	bc4c6060-dce9-4eef-aa46-7149f44fe9a7	secret	mHO5E60xNXSVucGbLvx40A
8ea1bc7f-e17b-4fa8-b59c-60fb83a1f457	bc4c6060-dce9-4eef-aa46-7149f44fe9a7	priority	100
3f610a76-4858-41a8-b877-df298929bbee	dcd3ce0a-57a2-4d9d-9376-a9ff3b59ac37	privateKey	MIIEowIBAAKCAQEAi92djBrgCTu0jvCkyVWN4jqblXJUftYvOskJJceg3zxVMSosYFiFDBskjxAQhIYrrxphSIkUIO4ztM+09XKPgUcciDF763FKDziC16akS/WFdh1K9zhMuVu+VkUP6kUiGYeVkJkIKg2tBYqX8uDATBFs8Yb0NLGTaxYnTVRoAM/lopZsnrod3sfItCoc48oh+8LxBwFfbbDXrWfQ7ZnN1D0nWk7iBS/YYQ1Hpv7C2wS0Pg6u290CvS+Zyj/BQce1bl/BIt5n7UOTG6Tn+49WegVxVLqHNXDheRrTbsi8qO9KUlvWw92Aut0fVPOJQmrBhtRXUDHpwANFxquU0JRkyQIDAQABAoIBAAyTDAsAj4vE9mKzd90x9+OS6VHySW5tyyk50by3ydrIDdCxvfObgbqo5gyGoTWI6nx/nqdqy4h6YeOrmNVIS2aQAhysdjugn8vmhLzmmnbJyAnqcEbxpNQ1T1NqOhgRxxMMgYHSgE1nlVqeLzMCyccM+gJs45+pJ1vFThtBr2gDJtfVjM9TAVeeFM7TzWn9aC9s6+jXArMYarHW6nY0NOC1isevpSkpqO7uTIx4APM17jo28lxDi+Al3TGeRBCjNVAcR1Pf/BmHymJ1ZL51g9rmavSR4rpHDGSjT68gPUCu/xO4OR3TAgQP8k/0mKwcSSfcgiZc1JesauMQvIETAhECgYEAvW8Ai+eS8ZcfjkOh4SJjr8eydFrtMVO030kNAKNE49q7sHmPAkMM0iAefU5IioAl47x6FW6l+V4t2f+WFrLCUdmDqXR3TgBmzVllANjYvHkV013edCpbC3Yyv5I3dE2INhUzHUWVnYGlPJHkZbAakow8/FzcWV3htYEco8cAeDMCgYEAvQOZ2NtPduXV6vnNva0eDYo396R6kLm9gAchcr1xG9BijRIAfS52Wt26rK5eZFv2Nt13jPKbT2x8vNwQ08u1As6qEGANE5pQhg1WtGTUvcmSCORmnpf0suscBz4R39288bWhIM/1hAY2C28p4Eg8JF748M+Tp3nlqrYFJA3xoxMCgYB+g3jQ9wrbUHuhrqeZTTdYeT1EmklZLTdZ/Fazu1bR+g5psPWCpDcWyp6yPysRXL5xVzoNwEUWwwBKXHjnleFTerqE3KSlMn113aMoKqqtTQz3ifR8jqEZiYohCU0B3pn+zK/Dd+qRM7mgNytbgn5sqz47qOT8xkdsydrPwqMcowKBgF3h9ACqrgW4k1BrU63q1wqSpMn0gIxyNZXp9MsxHYVbNBgt4OBMu6zWhWpQEcJ3iwwlZMQ1nL8Oe8ay6AjLHdWPIRmRG+2osGZlKbPggWrjPA3+pJoRkBFuhjVytx4i3T6RoL7TjHdPPnjfdkVYm8bVBYFXGVgOS+1HC7ak1mjRAoGBAK0Kqj3C0/i/rzBG9LdWmaBhVWrFr4E3rMTuxdWQ8ym968Kmi1EaXTr8llfLE0fOsSvvltOkMV/RMu9HkxEH9WKjFOVeVDPjqMKBVea5BxJ0DmWXczHMpRsKu+k8ERqjboCPio6XSF/s9yYZt2VU8Lk8LQKkLIwfgiGEI1ykij6/
d865767b-6c09-4de1-907b-eb176d80e268	dcd3ce0a-57a2-4d9d-9376-a9ff3b59ac37	certificate	MIICmzCCAYMCBgGPOYgVTDANBgkqhkiG9w0BAQsFADARMQ8wDQYDVQQDDAZtYXN0ZXIwHhcNMjQwNTAyMTMzNzUwWhcNMzQwNTAyMTMzOTMwWjARMQ8wDQYDVQQDDAZtYXN0ZXIwggEiMA0GCSqGSIb3DQEBAQUAA4IBDwAwggEKAoIBAQCL3Z2MGuAJO7SO8KTJVY3iOpuVclR+1i86yQklx6DfPFUxKixgWIUMGySPEBCEhiuvGmFIiRQg7jO0z7T1co+BRxyIMXvrcUoPOILXpqRL9YV2HUr3OEy5W75WRQ/qRSIZh5WQmQgqDa0Fipfy4MBMEWzxhvQ0sZNrFidNVGgAz+Wilmyeuh3ex8i0KhzjyiH7wvEHAV9tsNetZ9Dtmc3UPSdaTuIFL9hhDUem/sLbBLQ+Dq7b3QK9L5nKP8FBx7VuX8Ei3mftQ5MbpOf7j1Z6BXFUuoc1cOF5GtNuyLyo70pSW9bD3YC63R9U84lCasGG1FdQMenAA0XGq5TQlGTJAgMBAAEwDQYJKoZIhvcNAQELBQADggEBAHOT5CBdM9qZaXOb1FyJ2dbzYHblN+LvBqokTfyKCNwmLjyTx+A6glQcKC0xvD3mTWf2tVs/oKP5vXbOn/aYWiJJe84mTbozVqtaFGUlKjcuJY1XzA0fn/moEv7L8O+KR/Xw3f6iSCtEdPxwioM8q/RnTViv0KXqYJUC+6hJJ0DEVUzWvtJjg9mnmVDbcQCYwFmjn3xkjzrS+CkZvD3OuhkL6yPOWAaD6+KqQ8P8jlBFei/kzF0kUcjrea4soZewKdDCZ5ajIahE9xwd2pHZojzpVl/2DtLBDStveXQgbocb7N59pUPws3pRPwhsMOFcBC/xxsFTp3dzC7TBp/TFRGI=
ad9bc6cd-6f7d-4a91-9708-b289a4184525	dcd3ce0a-57a2-4d9d-9376-a9ff3b59ac37	keyUse	ENC
8362a47e-abe9-41be-a196-e16bde6325d5	dcd3ce0a-57a2-4d9d-9376-a9ff3b59ac37	priority	100
2291bf90-89ab-4653-a674-0928e0e825df	dcd3ce0a-57a2-4d9d-9376-a9ff3b59ac37	algorithm	RSA-OAEP
4ae67fd5-2f4d-4b77-9f34-a846a8d6cf78	3db07dae-1811-48b4-b311-841893ba5591	kid	2fb2b9af-62f0-4145-bf72-e58b5a957b33
0bb51cf0-296b-42e8-af4b-1f9038aea978	3db07dae-1811-48b4-b311-841893ba5591	algorithm	HS512
2a368e6f-f6e6-4f36-b350-c884bb552082	3db07dae-1811-48b4-b311-841893ba5591	secret	49QrAnuRQVssZShcQSGg8nqHkt4dn-SZsyGwkGPsrHVFxJy1CCy925FFfZu2QLPz8W4VnZOOdT9s2-TkungPm_0j-HokOZ7jz6978hNmwmGtRpIZJgJiCZdaxPjksqRUlRWME29HcefxEE_xrkkLidp5o28VWyOmRLYbZS3YqvU
0be17ca4-d52c-472b-9f20-b4f30fc0e8f9	3db07dae-1811-48b4-b311-841893ba5591	priority	100
a07f27ea-4f41-44f3-af90-e6b055a4677c	aa7c789c-eacc-43bf-99f1-5cbdadfcd3ea	kc.user.profile.config	{"attributes":[{"name":"username","displayName":"${username}","validations":{"length":{"min":3,"max":255},"username-prohibited-characters":{},"up-username-not-idn-homograph":{}},"permissions":{"view":["admin","user"],"edit":["admin","user"]},"multivalued":false},{"name":"email","displayName":"${email}","validations":{"email":{},"length":{"max":255}},"permissions":{"view":["admin","user"],"edit":["admin","user"]},"multivalued":false},{"name":"firstName","displayName":"${firstName}","validations":{"length":{"max":255},"person-name-prohibited-characters":{}},"annotations":{},"permissions":{"view":[],"edit":[]},"multivalued":false},{"name":"lastName","displayName":"${lastName}","validations":{"length":{"max":255},"person-name-prohibited-characters":{}},"annotations":{},"permissions":{"view":[],"edit":[]},"multivalued":false}],"groups":[{"name":"user-metadata","displayHeader":"User metadata","displayDescription":"Attributes, which refer to user metadata"}]}
\.


--
-- Data for Name: composite_role; Type: TABLE DATA; Schema: keycloak; Owner: keycloak
--

COPY keycloak.composite_role (composite, child_role) FROM stdin;
dd7d745e-f768-41f2-a307-369d3a959e71	517d1e8e-c76f-490f-a200-8c971c4ec2f4
dd7d745e-f768-41f2-a307-369d3a959e71	17dd12fe-f538-4398-9757-fa6c202a46cc
dd7d745e-f768-41f2-a307-369d3a959e71	45040c64-f58e-4b4c-8036-dc7c66a276d4
dd7d745e-f768-41f2-a307-369d3a959e71	5c30f4c8-1a05-4b16-b1c8-b9be3575dbbe
dd7d745e-f768-41f2-a307-369d3a959e71	2a491bfd-5a8b-45a5-9755-6ae6214c9f6a
dd7d745e-f768-41f2-a307-369d3a959e71	ed7aad15-02f7-431c-a265-48bc97d6acb8
dd7d745e-f768-41f2-a307-369d3a959e71	886ffc79-f8d2-4f5a-948d-ff49007c8b59
dd7d745e-f768-41f2-a307-369d3a959e71	d6a99b33-6315-4a40-afc5-56df82dd03dd
dd7d745e-f768-41f2-a307-369d3a959e71	247ff03b-b3ae-4ef5-be31-a01c06038b17
dd7d745e-f768-41f2-a307-369d3a959e71	cd937fff-d963-4e55-84a4-ec7b2f8b4e28
dd7d745e-f768-41f2-a307-369d3a959e71	fae2f201-36a7-41c2-b7a4-12dca234245f
dd7d745e-f768-41f2-a307-369d3a959e71	6a583a02-38c2-47bd-884a-fed0f133bf0a
dd7d745e-f768-41f2-a307-369d3a959e71	b3d11563-8b17-4d41-8926-70416ae28589
dd7d745e-f768-41f2-a307-369d3a959e71	af8ec488-c214-489f-bc13-e1b32fe22ccc
dd7d745e-f768-41f2-a307-369d3a959e71	0d8e4bc8-e8b4-4d4f-bce5-faf4a9757e08
dd7d745e-f768-41f2-a307-369d3a959e71	280c1b52-c63c-42a1-8d25-33524a1aca2c
dd7d745e-f768-41f2-a307-369d3a959e71	15e47f22-6a76-4144-8aa8-e19178fb94b4
dd7d745e-f768-41f2-a307-369d3a959e71	c80ef51c-aaa8-4881-8080-9e0a6be6243c
2a491bfd-5a8b-45a5-9755-6ae6214c9f6a	280c1b52-c63c-42a1-8d25-33524a1aca2c
53e1eb47-3aa2-4e4f-a42e-8168ae6180d2	f1251885-83d8-4a8d-b891-2d2e247bc0fe
5c30f4c8-1a05-4b16-b1c8-b9be3575dbbe	0d8e4bc8-e8b4-4d4f-bce5-faf4a9757e08
5c30f4c8-1a05-4b16-b1c8-b9be3575dbbe	c80ef51c-aaa8-4881-8080-9e0a6be6243c
53e1eb47-3aa2-4e4f-a42e-8168ae6180d2	304aa178-5be0-4047-a05a-cc50305dfeb4
304aa178-5be0-4047-a05a-cc50305dfeb4	afd6284b-ff32-4372-b530-b0b4be280167
fb3a8531-21b8-4679-a904-fb0e0f9567ed	6e1a5ad0-7ec3-447c-ab64-304bc8f828f7
dd7d745e-f768-41f2-a307-369d3a959e71	13f5583c-919e-4b00-b0c9-8532572e3cd1
53e1eb47-3aa2-4e4f-a42e-8168ae6180d2	49645fde-fc9d-4daa-8f6b-9c7420f519ae
53e1eb47-3aa2-4e4f-a42e-8168ae6180d2	8f8d7df4-38f7-41f6-8652-ec5ea95e34b8
\.


--
-- Data for Name: credential; Type: TABLE DATA; Schema: keycloak; Owner: keycloak
--

COPY keycloak.credential (id, salt, type, user_id, created_date, user_label, secret_data, credential_data, priority) FROM stdin;
b5aeaabf-0e7a-409f-ba2b-c5ce6ee567e9	\N	password	84eab66c-984e-4176-85c8-c031bbb63313	1714657172148	\N	{"value":"nfMlovZgTWb1xGEDb4eeNJrA52jjj3BEY3w3kcLP4mENMMq2USC175vKhzNpNidNMnMbPO6yHNGiVYWiODUpVQ==","salt":"Z65TVhoCrLAxSb6l7SshDg==","additionalParameters":{}}	{"hashIterations":210000,"algorithm":"pbkdf2-sha512","additionalParameters":{}}	10
\.


--
-- Data for Name: databasechangelog; Type: TABLE DATA; Schema: keycloak; Owner: keycloak
--

COPY keycloak.databasechangelog (id, author, filename, dateexecuted, orderexecuted, exectype, md5sum, description, comments, tag, liquibase, contexts, labels, deployment_id) FROM stdin;
1.0.0.Final-KEYCLOAK-5461	sthorger@redhat.com	META-INF/jpa-changelog-1.0.0.Final.xml	2024-05-02 15:39:25.258757	1	EXECUTED	9:6f1016664e21e16d26517a4418f5e3df	createTable tableName=APPLICATION_DEFAULT_ROLES; createTable tableName=CLIENT; createTable tableName=CLIENT_SESSION; createTable tableName=CLIENT_SESSION_ROLE; createTable tableName=COMPOSITE_ROLE; createTable tableName=CREDENTIAL; createTable tab...		\N	4.25.1	\N	\N	4657164611
1.0.0.Final-KEYCLOAK-5461	sthorger@redhat.com	META-INF/db2-jpa-changelog-1.0.0.Final.xml	2024-05-02 15:39:25.280764	2	MARK_RAN	9:828775b1596a07d1200ba1d49e5e3941	createTable tableName=APPLICATION_DEFAULT_ROLES; createTable tableName=CLIENT; createTable tableName=CLIENT_SESSION; createTable tableName=CLIENT_SESSION_ROLE; createTable tableName=COMPOSITE_ROLE; createTable tableName=CREDENTIAL; createTable tab...		\N	4.25.1	\N	\N	4657164611
1.1.0.Beta1	sthorger@redhat.com	META-INF/jpa-changelog-1.1.0.Beta1.xml	2024-05-02 15:39:25.341444	3	EXECUTED	9:5f090e44a7d595883c1fb61f4b41fd38	delete tableName=CLIENT_SESSION_ROLE; delete tableName=CLIENT_SESSION; delete tableName=USER_SESSION; createTable tableName=CLIENT_ATTRIBUTES; createTable tableName=CLIENT_SESSION_NOTE; createTable tableName=APP_NODE_REGISTRATIONS; addColumn table...		\N	4.25.1	\N	\N	4657164611
1.1.0.Final	sthorger@redhat.com	META-INF/jpa-changelog-1.1.0.Final.xml	2024-05-02 15:39:25.347356	4	EXECUTED	9:c07e577387a3d2c04d1adc9aaad8730e	renameColumn newColumnName=EVENT_TIME, oldColumnName=TIME, tableName=EVENT_ENTITY		\N	4.25.1	\N	\N	4657164611
1.2.0.Beta1	psilva@redhat.com	META-INF/jpa-changelog-1.2.0.Beta1.xml	2024-05-02 15:39:25.481116	5	EXECUTED	9:b68ce996c655922dbcd2fe6b6ae72686	delete tableName=CLIENT_SESSION_ROLE; delete tableName=CLIENT_SESSION_NOTE; delete tableName=CLIENT_SESSION; delete tableName=USER_SESSION; createTable tableName=PROTOCOL_MAPPER; createTable tableName=PROTOCOL_MAPPER_CONFIG; createTable tableName=...		\N	4.25.1	\N	\N	4657164611
1.2.0.Beta1	psilva@redhat.com	META-INF/db2-jpa-changelog-1.2.0.Beta1.xml	2024-05-02 15:39:25.488334	6	MARK_RAN	9:543b5c9989f024fe35c6f6c5a97de88e	delete tableName=CLIENT_SESSION_ROLE; delete tableName=CLIENT_SESSION_NOTE; delete tableName=CLIENT_SESSION; delete tableName=USER_SESSION; createTable tableName=PROTOCOL_MAPPER; createTable tableName=PROTOCOL_MAPPER_CONFIG; createTable tableName=...		\N	4.25.1	\N	\N	4657164611
1.2.0.RC1	bburke@redhat.com	META-INF/jpa-changelog-1.2.0.CR1.xml	2024-05-02 15:39:25.636453	7	EXECUTED	9:765afebbe21cf5bbca048e632df38336	delete tableName=CLIENT_SESSION_ROLE; delete tableName=CLIENT_SESSION_NOTE; delete tableName=CLIENT_SESSION; delete tableName=USER_SESSION_NOTE; delete tableName=USER_SESSION; createTable tableName=MIGRATION_MODEL; createTable tableName=IDENTITY_P...		\N	4.25.1	\N	\N	4657164611
1.2.0.RC1	bburke@redhat.com	META-INF/db2-jpa-changelog-1.2.0.CR1.xml	2024-05-02 15:39:25.645225	8	MARK_RAN	9:db4a145ba11a6fdaefb397f6dbf829a1	delete tableName=CLIENT_SESSION_ROLE; delete tableName=CLIENT_SESSION_NOTE; delete tableName=CLIENT_SESSION; delete tableName=USER_SESSION_NOTE; delete tableName=USER_SESSION; createTable tableName=MIGRATION_MODEL; createTable tableName=IDENTITY_P...		\N	4.25.1	\N	\N	4657164611
1.2.0.Final	keycloak	META-INF/jpa-changelog-1.2.0.Final.xml	2024-05-02 15:39:25.655999	9	EXECUTED	9:9d05c7be10cdb873f8bcb41bc3a8ab23	update tableName=CLIENT; update tableName=CLIENT; update tableName=CLIENT		\N	4.25.1	\N	\N	4657164611
1.3.0	bburke@redhat.com	META-INF/jpa-changelog-1.3.0.xml	2024-05-02 15:39:25.801829	10	EXECUTED	9:18593702353128d53111f9b1ff0b82b8	delete tableName=CLIENT_SESSION_ROLE; delete tableName=CLIENT_SESSION_PROT_MAPPER; delete tableName=CLIENT_SESSION_NOTE; delete tableName=CLIENT_SESSION; delete tableName=USER_SESSION_NOTE; delete tableName=USER_SESSION; createTable tableName=ADMI...		\N	4.25.1	\N	\N	4657164611
1.4.0	bburke@redhat.com	META-INF/jpa-changelog-1.4.0.xml	2024-05-02 15:39:25.901717	11	EXECUTED	9:6122efe5f090e41a85c0f1c9e52cbb62	delete tableName=CLIENT_SESSION_AUTH_STATUS; delete tableName=CLIENT_SESSION_ROLE; delete tableName=CLIENT_SESSION_PROT_MAPPER; delete tableName=CLIENT_SESSION_NOTE; delete tableName=CLIENT_SESSION; delete tableName=USER_SESSION_NOTE; delete table...		\N	4.25.1	\N	\N	4657164611
1.4.0	bburke@redhat.com	META-INF/db2-jpa-changelog-1.4.0.xml	2024-05-02 15:39:25.908885	12	MARK_RAN	9:e1ff28bf7568451453f844c5d54bb0b5	delete tableName=CLIENT_SESSION_AUTH_STATUS; delete tableName=CLIENT_SESSION_ROLE; delete tableName=CLIENT_SESSION_PROT_MAPPER; delete tableName=CLIENT_SESSION_NOTE; delete tableName=CLIENT_SESSION; delete tableName=USER_SESSION_NOTE; delete table...		\N	4.25.1	\N	\N	4657164611
1.5.0	bburke@redhat.com	META-INF/jpa-changelog-1.5.0.xml	2024-05-02 15:39:25.964672	13	EXECUTED	9:7af32cd8957fbc069f796b61217483fd	delete tableName=CLIENT_SESSION_AUTH_STATUS; delete tableName=CLIENT_SESSION_ROLE; delete tableName=CLIENT_SESSION_PROT_MAPPER; delete tableName=CLIENT_SESSION_NOTE; delete tableName=CLIENT_SESSION; delete tableName=USER_SESSION_NOTE; delete table...		\N	4.25.1	\N	\N	4657164611
1.6.1_from15	mposolda@redhat.com	META-INF/jpa-changelog-1.6.1.xml	2024-05-02 15:39:25.997876	14	EXECUTED	9:6005e15e84714cd83226bf7879f54190	addColumn tableName=REALM; addColumn tableName=KEYCLOAK_ROLE; addColumn tableName=CLIENT; createTable tableName=OFFLINE_USER_SESSION; createTable tableName=OFFLINE_CLIENT_SESSION; addPrimaryKey constraintName=CONSTRAINT_OFFL_US_SES_PK2, tableName=...		\N	4.25.1	\N	\N	4657164611
1.6.1_from16-pre	mposolda@redhat.com	META-INF/jpa-changelog-1.6.1.xml	2024-05-02 15:39:26.00055	15	MARK_RAN	9:bf656f5a2b055d07f314431cae76f06c	delete tableName=OFFLINE_CLIENT_SESSION; delete tableName=OFFLINE_USER_SESSION		\N	4.25.1	\N	\N	4657164611
1.6.1_from16	mposolda@redhat.com	META-INF/jpa-changelog-1.6.1.xml	2024-05-02 15:39:26.005212	16	MARK_RAN	9:f8dadc9284440469dcf71e25ca6ab99b	dropPrimaryKey constraintName=CONSTRAINT_OFFLINE_US_SES_PK, tableName=OFFLINE_USER_SESSION; dropPrimaryKey constraintName=CONSTRAINT_OFFLINE_CL_SES_PK, tableName=OFFLINE_CLIENT_SESSION; addColumn tableName=OFFLINE_USER_SESSION; update tableName=OF...		\N	4.25.1	\N	\N	4657164611
1.6.1	mposolda@redhat.com	META-INF/jpa-changelog-1.6.1.xml	2024-05-02 15:39:26.010025	17	EXECUTED	9:d41d8cd98f00b204e9800998ecf8427e	empty		\N	4.25.1	\N	\N	4657164611
1.7.0	bburke@redhat.com	META-INF/jpa-changelog-1.7.0.xml	2024-05-02 15:39:26.075455	18	EXECUTED	9:3368ff0be4c2855ee2dd9ca813b38d8e	createTable tableName=KEYCLOAK_GROUP; createTable tableName=GROUP_ROLE_MAPPING; createTable tableName=GROUP_ATTRIBUTE; createTable tableName=USER_GROUP_MEMBERSHIP; createTable tableName=REALM_DEFAULT_GROUPS; addColumn tableName=IDENTITY_PROVIDER; ...		\N	4.25.1	\N	\N	4657164611
1.8.0	mposolda@redhat.com	META-INF/jpa-changelog-1.8.0.xml	2024-05-02 15:39:26.138822	19	EXECUTED	9:8ac2fb5dd030b24c0570a763ed75ed20	addColumn tableName=IDENTITY_PROVIDER; createTable tableName=CLIENT_TEMPLATE; createTable tableName=CLIENT_TEMPLATE_ATTRIBUTES; createTable tableName=TEMPLATE_SCOPE_MAPPING; dropNotNullConstraint columnName=CLIENT_ID, tableName=PROTOCOL_MAPPER; ad...		\N	4.25.1	\N	\N	4657164611
1.8.0-2	keycloak	META-INF/jpa-changelog-1.8.0.xml	2024-05-02 15:39:26.145855	20	EXECUTED	9:f91ddca9b19743db60e3057679810e6c	dropDefaultValue columnName=ALGORITHM, tableName=CREDENTIAL; update tableName=CREDENTIAL		\N	4.25.1	\N	\N	4657164611
24.0.0-9758-2	keycloak	META-INF/jpa-changelog-24.0.0.xml	2024-05-02 15:39:27.916256	119	EXECUTED	9:bf0fdee10afdf597a987adbf291db7b2	customChange		\N	4.25.1	\N	\N	4657164611
1.8.0	mposolda@redhat.com	META-INF/db2-jpa-changelog-1.8.0.xml	2024-05-02 15:39:26.151297	21	MARK_RAN	9:831e82914316dc8a57dc09d755f23c51	addColumn tableName=IDENTITY_PROVIDER; createTable tableName=CLIENT_TEMPLATE; createTable tableName=CLIENT_TEMPLATE_ATTRIBUTES; createTable tableName=TEMPLATE_SCOPE_MAPPING; dropNotNullConstraint columnName=CLIENT_ID, tableName=PROTOCOL_MAPPER; ad...		\N	4.25.1	\N	\N	4657164611
1.8.0-2	keycloak	META-INF/db2-jpa-changelog-1.8.0.xml	2024-05-02 15:39:26.155402	22	MARK_RAN	9:f91ddca9b19743db60e3057679810e6c	dropDefaultValue columnName=ALGORITHM, tableName=CREDENTIAL; update tableName=CREDENTIAL		\N	4.25.1	\N	\N	4657164611
1.9.0	mposolda@redhat.com	META-INF/jpa-changelog-1.9.0.xml	2024-05-02 15:39:26.195203	23	EXECUTED	9:bc3d0f9e823a69dc21e23e94c7a94bb1	update tableName=REALM; update tableName=REALM; update tableName=REALM; update tableName=REALM; update tableName=CREDENTIAL; update tableName=CREDENTIAL; update tableName=CREDENTIAL; update tableName=REALM; update tableName=REALM; customChange; dr...		\N	4.25.1	\N	\N	4657164611
1.9.1	keycloak	META-INF/jpa-changelog-1.9.1.xml	2024-05-02 15:39:26.204748	24	EXECUTED	9:c9999da42f543575ab790e76439a2679	modifyDataType columnName=PRIVATE_KEY, tableName=REALM; modifyDataType columnName=PUBLIC_KEY, tableName=REALM; modifyDataType columnName=CERTIFICATE, tableName=REALM		\N	4.25.1	\N	\N	4657164611
1.9.1	keycloak	META-INF/db2-jpa-changelog-1.9.1.xml	2024-05-02 15:39:26.207295	25	MARK_RAN	9:0d6c65c6f58732d81569e77b10ba301d	modifyDataType columnName=PRIVATE_KEY, tableName=REALM; modifyDataType columnName=CERTIFICATE, tableName=REALM		\N	4.25.1	\N	\N	4657164611
1.9.2	keycloak	META-INF/jpa-changelog-1.9.2.xml	2024-05-02 15:39:26.252395	26	EXECUTED	9:fc576660fc016ae53d2d4778d84d86d0	createIndex indexName=IDX_USER_EMAIL, tableName=USER_ENTITY; createIndex indexName=IDX_USER_ROLE_MAPPING, tableName=USER_ROLE_MAPPING; createIndex indexName=IDX_USER_GROUP_MAPPING, tableName=USER_GROUP_MEMBERSHIP; createIndex indexName=IDX_USER_CO...		\N	4.25.1	\N	\N	4657164611
authz-2.0.0	psilva@redhat.com	META-INF/jpa-changelog-authz-2.0.0.xml	2024-05-02 15:39:26.354528	27	EXECUTED	9:43ed6b0da89ff77206289e87eaa9c024	createTable tableName=RESOURCE_SERVER; addPrimaryKey constraintName=CONSTRAINT_FARS, tableName=RESOURCE_SERVER; addUniqueConstraint constraintName=UK_AU8TT6T700S9V50BU18WS5HA6, tableName=RESOURCE_SERVER; createTable tableName=RESOURCE_SERVER_RESOU...		\N	4.25.1	\N	\N	4657164611
authz-2.5.1	psilva@redhat.com	META-INF/jpa-changelog-authz-2.5.1.xml	2024-05-02 15:39:26.359909	28	EXECUTED	9:44bae577f551b3738740281eceb4ea70	update tableName=RESOURCE_SERVER_POLICY		\N	4.25.1	\N	\N	4657164611
2.1.0-KEYCLOAK-5461	bburke@redhat.com	META-INF/jpa-changelog-2.1.0.xml	2024-05-02 15:39:26.448198	29	EXECUTED	9:bd88e1f833df0420b01e114533aee5e8	createTable tableName=BROKER_LINK; createTable tableName=FED_USER_ATTRIBUTE; createTable tableName=FED_USER_CONSENT; createTable tableName=FED_USER_CONSENT_ROLE; createTable tableName=FED_USER_CONSENT_PROT_MAPPER; createTable tableName=FED_USER_CR...		\N	4.25.1	\N	\N	4657164611
2.2.0	bburke@redhat.com	META-INF/jpa-changelog-2.2.0.xml	2024-05-02 15:39:26.467964	30	EXECUTED	9:a7022af5267f019d020edfe316ef4371	addColumn tableName=ADMIN_EVENT_ENTITY; createTable tableName=CREDENTIAL_ATTRIBUTE; createTable tableName=FED_CREDENTIAL_ATTRIBUTE; modifyDataType columnName=VALUE, tableName=CREDENTIAL; addForeignKeyConstraint baseTableName=FED_CREDENTIAL_ATTRIBU...		\N	4.25.1	\N	\N	4657164611
2.3.0	bburke@redhat.com	META-INF/jpa-changelog-2.3.0.xml	2024-05-02 15:39:26.498216	31	EXECUTED	9:fc155c394040654d6a79227e56f5e25a	createTable tableName=FEDERATED_USER; addPrimaryKey constraintName=CONSTR_FEDERATED_USER, tableName=FEDERATED_USER; dropDefaultValue columnName=TOTP, tableName=USER_ENTITY; dropColumn columnName=TOTP, tableName=USER_ENTITY; addColumn tableName=IDE...		\N	4.25.1	\N	\N	4657164611
2.4.0	bburke@redhat.com	META-INF/jpa-changelog-2.4.0.xml	2024-05-02 15:39:26.507165	32	EXECUTED	9:eac4ffb2a14795e5dc7b426063e54d88	customChange		\N	4.25.1	\N	\N	4657164611
2.5.0	bburke@redhat.com	META-INF/jpa-changelog-2.5.0.xml	2024-05-02 15:39:26.517413	33	EXECUTED	9:54937c05672568c4c64fc9524c1e9462	customChange; modifyDataType columnName=USER_ID, tableName=OFFLINE_USER_SESSION		\N	4.25.1	\N	\N	4657164611
2.5.0-unicode-oracle	hmlnarik@redhat.com	META-INF/jpa-changelog-2.5.0.xml	2024-05-02 15:39:26.519948	34	MARK_RAN	9:3a32bace77c84d7678d035a7f5a8084e	modifyDataType columnName=DESCRIPTION, tableName=AUTHENTICATION_FLOW; modifyDataType columnName=DESCRIPTION, tableName=CLIENT_TEMPLATE; modifyDataType columnName=DESCRIPTION, tableName=RESOURCE_SERVER_POLICY; modifyDataType columnName=DESCRIPTION,...		\N	4.25.1	\N	\N	4657164611
2.5.0-unicode-other-dbs	hmlnarik@redhat.com	META-INF/jpa-changelog-2.5.0.xml	2024-05-02 15:39:26.553777	35	EXECUTED	9:33d72168746f81f98ae3a1e8e0ca3554	modifyDataType columnName=DESCRIPTION, tableName=AUTHENTICATION_FLOW; modifyDataType columnName=DESCRIPTION, tableName=CLIENT_TEMPLATE; modifyDataType columnName=DESCRIPTION, tableName=RESOURCE_SERVER_POLICY; modifyDataType columnName=DESCRIPTION,...		\N	4.25.1	\N	\N	4657164611
2.5.0-duplicate-email-support	slawomir@dabek.name	META-INF/jpa-changelog-2.5.0.xml	2024-05-02 15:39:26.55929	36	EXECUTED	9:61b6d3d7a4c0e0024b0c839da283da0c	addColumn tableName=REALM		\N	4.25.1	\N	\N	4657164611
2.5.0-unique-group-names	hmlnarik@redhat.com	META-INF/jpa-changelog-2.5.0.xml	2024-05-02 15:39:26.566277	37	EXECUTED	9:8dcac7bdf7378e7d823cdfddebf72fda	addUniqueConstraint constraintName=SIBLING_NAMES, tableName=KEYCLOAK_GROUP		\N	4.25.1	\N	\N	4657164611
2.5.1	bburke@redhat.com	META-INF/jpa-changelog-2.5.1.xml	2024-05-02 15:39:26.571311	38	EXECUTED	9:a2b870802540cb3faa72098db5388af3	addColumn tableName=FED_USER_CONSENT		\N	4.25.1	\N	\N	4657164611
3.0.0	bburke@redhat.com	META-INF/jpa-changelog-3.0.0.xml	2024-05-02 15:39:26.57583	39	EXECUTED	9:132a67499ba24bcc54fb5cbdcfe7e4c0	addColumn tableName=IDENTITY_PROVIDER		\N	4.25.1	\N	\N	4657164611
3.2.0-fix	keycloak	META-INF/jpa-changelog-3.2.0.xml	2024-05-02 15:39:26.578084	40	MARK_RAN	9:938f894c032f5430f2b0fafb1a243462	addNotNullConstraint columnName=REALM_ID, tableName=CLIENT_INITIAL_ACCESS		\N	4.25.1	\N	\N	4657164611
3.2.0-fix-with-keycloak-5416	keycloak	META-INF/jpa-changelog-3.2.0.xml	2024-05-02 15:39:26.580794	41	MARK_RAN	9:845c332ff1874dc5d35974b0babf3006	dropIndex indexName=IDX_CLIENT_INIT_ACC_REALM, tableName=CLIENT_INITIAL_ACCESS; addNotNullConstraint columnName=REALM_ID, tableName=CLIENT_INITIAL_ACCESS; createIndex indexName=IDX_CLIENT_INIT_ACC_REALM, tableName=CLIENT_INITIAL_ACCESS		\N	4.25.1	\N	\N	4657164611
3.2.0-fix-offline-sessions	hmlnarik	META-INF/jpa-changelog-3.2.0.xml	2024-05-02 15:39:26.590219	42	EXECUTED	9:fc86359c079781adc577c5a217e4d04c	customChange		\N	4.25.1	\N	\N	4657164611
3.2.0-fixed	keycloak	META-INF/jpa-changelog-3.2.0.xml	2024-05-02 15:39:26.815416	43	EXECUTED	9:59a64800e3c0d09b825f8a3b444fa8f4	addColumn tableName=REALM; dropPrimaryKey constraintName=CONSTRAINT_OFFL_CL_SES_PK2, tableName=OFFLINE_CLIENT_SESSION; dropColumn columnName=CLIENT_SESSION_ID, tableName=OFFLINE_CLIENT_SESSION; addPrimaryKey constraintName=CONSTRAINT_OFFL_CL_SES_P...		\N	4.25.1	\N	\N	4657164611
3.3.0	keycloak	META-INF/jpa-changelog-3.3.0.xml	2024-05-02 15:39:26.83125	44	EXECUTED	9:d48d6da5c6ccf667807f633fe489ce88	addColumn tableName=USER_ENTITY		\N	4.25.1	\N	\N	4657164611
authz-3.4.0.CR1-resource-server-pk-change-part1	glavoie@gmail.com	META-INF/jpa-changelog-authz-3.4.0.CR1.xml	2024-05-02 15:39:26.857692	45	EXECUTED	9:dde36f7973e80d71fceee683bc5d2951	addColumn tableName=RESOURCE_SERVER_POLICY; addColumn tableName=RESOURCE_SERVER_RESOURCE; addColumn tableName=RESOURCE_SERVER_SCOPE		\N	4.25.1	\N	\N	4657164611
authz-3.4.0.CR1-resource-server-pk-change-part2-KEYCLOAK-6095	hmlnarik@redhat.com	META-INF/jpa-changelog-authz-3.4.0.CR1.xml	2024-05-02 15:39:26.874837	46	EXECUTED	9:b855e9b0a406b34fa323235a0cf4f640	customChange		\N	4.25.1	\N	\N	4657164611
authz-3.4.0.CR1-resource-server-pk-change-part3-fixed	glavoie@gmail.com	META-INF/jpa-changelog-authz-3.4.0.CR1.xml	2024-05-02 15:39:26.878264	47	MARK_RAN	9:51abbacd7b416c50c4421a8cabf7927e	dropIndex indexName=IDX_RES_SERV_POL_RES_SERV, tableName=RESOURCE_SERVER_POLICY; dropIndex indexName=IDX_RES_SRV_RES_RES_SRV, tableName=RESOURCE_SERVER_RESOURCE; dropIndex indexName=IDX_RES_SRV_SCOPE_RES_SRV, tableName=RESOURCE_SERVER_SCOPE		\N	4.25.1	\N	\N	4657164611
authz-3.4.0.CR1-resource-server-pk-change-part3-fixed-nodropindex	glavoie@gmail.com	META-INF/jpa-changelog-authz-3.4.0.CR1.xml	2024-05-02 15:39:26.943717	48	EXECUTED	9:bdc99e567b3398bac83263d375aad143	addNotNullConstraint columnName=RESOURCE_SERVER_CLIENT_ID, tableName=RESOURCE_SERVER_POLICY; addNotNullConstraint columnName=RESOURCE_SERVER_CLIENT_ID, tableName=RESOURCE_SERVER_RESOURCE; addNotNullConstraint columnName=RESOURCE_SERVER_CLIENT_ID, ...		\N	4.25.1	\N	\N	4657164611
authn-3.4.0.CR1-refresh-token-max-reuse	glavoie@gmail.com	META-INF/jpa-changelog-authz-3.4.0.CR1.xml	2024-05-02 15:39:26.948726	49	EXECUTED	9:d198654156881c46bfba39abd7769e69	addColumn tableName=REALM		\N	4.25.1	\N	\N	4657164611
3.4.0	keycloak	META-INF/jpa-changelog-3.4.0.xml	2024-05-02 15:39:27.005485	50	EXECUTED	9:cfdd8736332ccdd72c5256ccb42335db	addPrimaryKey constraintName=CONSTRAINT_REALM_DEFAULT_ROLES, tableName=REALM_DEFAULT_ROLES; addPrimaryKey constraintName=CONSTRAINT_COMPOSITE_ROLE, tableName=COMPOSITE_ROLE; addPrimaryKey constraintName=CONSTR_REALM_DEFAULT_GROUPS, tableName=REALM...		\N	4.25.1	\N	\N	4657164611
3.4.0-KEYCLOAK-5230	hmlnarik@redhat.com	META-INF/jpa-changelog-3.4.0.xml	2024-05-02 15:39:27.048322	51	EXECUTED	9:7c84de3d9bd84d7f077607c1a4dcb714	createIndex indexName=IDX_FU_ATTRIBUTE, tableName=FED_USER_ATTRIBUTE; createIndex indexName=IDX_FU_CONSENT, tableName=FED_USER_CONSENT; createIndex indexName=IDX_FU_CONSENT_RU, tableName=FED_USER_CONSENT; createIndex indexName=IDX_FU_CREDENTIAL, t...		\N	4.25.1	\N	\N	4657164611
3.4.1	psilva@redhat.com	META-INF/jpa-changelog-3.4.1.xml	2024-05-02 15:39:27.052839	52	EXECUTED	9:5a6bb36cbefb6a9d6928452c0852af2d	modifyDataType columnName=VALUE, tableName=CLIENT_ATTRIBUTES		\N	4.25.1	\N	\N	4657164611
3.4.2	keycloak	META-INF/jpa-changelog-3.4.2.xml	2024-05-02 15:39:27.056002	53	EXECUTED	9:8f23e334dbc59f82e0a328373ca6ced0	update tableName=REALM		\N	4.25.1	\N	\N	4657164611
3.4.2-KEYCLOAK-5172	mkanis@redhat.com	META-INF/jpa-changelog-3.4.2.xml	2024-05-02 15:39:27.05944	54	EXECUTED	9:9156214268f09d970cdf0e1564d866af	update tableName=CLIENT		\N	4.25.1	\N	\N	4657164611
4.0.0-KEYCLOAK-6335	bburke@redhat.com	META-INF/jpa-changelog-4.0.0.xml	2024-05-02 15:39:27.068644	55	EXECUTED	9:db806613b1ed154826c02610b7dbdf74	createTable tableName=CLIENT_AUTH_FLOW_BINDINGS; addPrimaryKey constraintName=C_CLI_FLOW_BIND, tableName=CLIENT_AUTH_FLOW_BINDINGS		\N	4.25.1	\N	\N	4657164611
4.0.0-CLEANUP-UNUSED-TABLE	bburke@redhat.com	META-INF/jpa-changelog-4.0.0.xml	2024-05-02 15:39:27.075395	56	EXECUTED	9:229a041fb72d5beac76bb94a5fa709de	dropTable tableName=CLIENT_IDENTITY_PROV_MAPPING		\N	4.25.1	\N	\N	4657164611
4.0.0-KEYCLOAK-6228	bburke@redhat.com	META-INF/jpa-changelog-4.0.0.xml	2024-05-02 15:39:27.108473	57	EXECUTED	9:079899dade9c1e683f26b2aa9ca6ff04	dropUniqueConstraint constraintName=UK_JKUWUVD56ONTGSUHOGM8UEWRT, tableName=USER_CONSENT; dropNotNullConstraint columnName=CLIENT_ID, tableName=USER_CONSENT; addColumn tableName=USER_CONSENT; addUniqueConstraint constraintName=UK_JKUWUVD56ONTGSUHO...		\N	4.25.1	\N	\N	4657164611
4.0.0-KEYCLOAK-5579-fixed	mposolda@redhat.com	META-INF/jpa-changelog-4.0.0.xml	2024-05-02 15:39:27.223322	58	EXECUTED	9:139b79bcbbfe903bb1c2d2a4dbf001d9	dropForeignKeyConstraint baseTableName=CLIENT_TEMPLATE_ATTRIBUTES, constraintName=FK_CL_TEMPL_ATTR_TEMPL; renameTable newTableName=CLIENT_SCOPE_ATTRIBUTES, oldTableName=CLIENT_TEMPLATE_ATTRIBUTES; renameColumn newColumnName=SCOPE_ID, oldColumnName...		\N	4.25.1	\N	\N	4657164611
authz-4.0.0.CR1	psilva@redhat.com	META-INF/jpa-changelog-authz-4.0.0.CR1.xml	2024-05-02 15:39:27.258568	59	EXECUTED	9:b55738ad889860c625ba2bf483495a04	createTable tableName=RESOURCE_SERVER_PERM_TICKET; addPrimaryKey constraintName=CONSTRAINT_FAPMT, tableName=RESOURCE_SERVER_PERM_TICKET; addForeignKeyConstraint baseTableName=RESOURCE_SERVER_PERM_TICKET, constraintName=FK_FRSRHO213XCX4WNKOG82SSPMT...		\N	4.25.1	\N	\N	4657164611
authz-4.0.0.Beta3	psilva@redhat.com	META-INF/jpa-changelog-authz-4.0.0.Beta3.xml	2024-05-02 15:39:27.267863	60	EXECUTED	9:e0057eac39aa8fc8e09ac6cfa4ae15fe	addColumn tableName=RESOURCE_SERVER_POLICY; addColumn tableName=RESOURCE_SERVER_PERM_TICKET; addForeignKeyConstraint baseTableName=RESOURCE_SERVER_PERM_TICKET, constraintName=FK_FRSRPO2128CX4WNKOG82SSRFY, referencedTableName=RESOURCE_SERVER_POLICY		\N	4.25.1	\N	\N	4657164611
authz-4.2.0.Final	mhajas@redhat.com	META-INF/jpa-changelog-authz-4.2.0.Final.xml	2024-05-02 15:39:27.290484	61	EXECUTED	9:42a33806f3a0443fe0e7feeec821326c	createTable tableName=RESOURCE_URIS; addForeignKeyConstraint baseTableName=RESOURCE_URIS, constraintName=FK_RESOURCE_SERVER_URIS, referencedTableName=RESOURCE_SERVER_RESOURCE; customChange; dropColumn columnName=URI, tableName=RESOURCE_SERVER_RESO...		\N	4.25.1	\N	\N	4657164611
authz-4.2.0.Final-KEYCLOAK-9944	hmlnarik@redhat.com	META-INF/jpa-changelog-authz-4.2.0.Final.xml	2024-05-02 15:39:27.309984	62	EXECUTED	9:9968206fca46eecc1f51db9c024bfe56	addPrimaryKey constraintName=CONSTRAINT_RESOUR_URIS_PK, tableName=RESOURCE_URIS		\N	4.25.1	\N	\N	4657164611
4.2.0-KEYCLOAK-6313	wadahiro@gmail.com	META-INF/jpa-changelog-4.2.0.xml	2024-05-02 15:39:27.317414	63	EXECUTED	9:92143a6daea0a3f3b8f598c97ce55c3d	addColumn tableName=REQUIRED_ACTION_PROVIDER		\N	4.25.1	\N	\N	4657164611
4.3.0-KEYCLOAK-7984	wadahiro@gmail.com	META-INF/jpa-changelog-4.3.0.xml	2024-05-02 15:39:27.321968	64	EXECUTED	9:82bab26a27195d889fb0429003b18f40	update tableName=REQUIRED_ACTION_PROVIDER		\N	4.25.1	\N	\N	4657164611
4.6.0-KEYCLOAK-7950	psilva@redhat.com	META-INF/jpa-changelog-4.6.0.xml	2024-05-02 15:39:27.326366	65	EXECUTED	9:e590c88ddc0b38b0ae4249bbfcb5abc3	update tableName=RESOURCE_SERVER_RESOURCE		\N	4.25.1	\N	\N	4657164611
4.6.0-KEYCLOAK-8377	keycloak	META-INF/jpa-changelog-4.6.0.xml	2024-05-02 15:39:27.349187	66	EXECUTED	9:5c1f475536118dbdc38d5d7977950cc0	createTable tableName=ROLE_ATTRIBUTE; addPrimaryKey constraintName=CONSTRAINT_ROLE_ATTRIBUTE_PK, tableName=ROLE_ATTRIBUTE; addForeignKeyConstraint baseTableName=ROLE_ATTRIBUTE, constraintName=FK_ROLE_ATTRIBUTE_ID, referencedTableName=KEYCLOAK_ROLE...		\N	4.25.1	\N	\N	4657164611
4.6.0-KEYCLOAK-8555	gideonray@gmail.com	META-INF/jpa-changelog-4.6.0.xml	2024-05-02 15:39:27.357982	67	EXECUTED	9:e7c9f5f9c4d67ccbbcc215440c718a17	createIndex indexName=IDX_COMPONENT_PROVIDER_TYPE, tableName=COMPONENT		\N	4.25.1	\N	\N	4657164611
4.7.0-KEYCLOAK-1267	sguilhen@redhat.com	META-INF/jpa-changelog-4.7.0.xml	2024-05-02 15:39:27.364555	68	EXECUTED	9:88e0bfdda924690d6f4e430c53447dd5	addColumn tableName=REALM		\N	4.25.1	\N	\N	4657164611
4.7.0-KEYCLOAK-7275	keycloak	META-INF/jpa-changelog-4.7.0.xml	2024-05-02 15:39:27.382106	69	EXECUTED	9:f53177f137e1c46b6a88c59ec1cb5218	renameColumn newColumnName=CREATED_ON, oldColumnName=LAST_SESSION_REFRESH, tableName=OFFLINE_USER_SESSION; addNotNullConstraint columnName=CREATED_ON, tableName=OFFLINE_USER_SESSION; addColumn tableName=OFFLINE_USER_SESSION; customChange; createIn...		\N	4.25.1	\N	\N	4657164611
4.8.0-KEYCLOAK-8835	sguilhen@redhat.com	META-INF/jpa-changelog-4.8.0.xml	2024-05-02 15:39:27.390424	70	EXECUTED	9:a74d33da4dc42a37ec27121580d1459f	addNotNullConstraint columnName=SSO_MAX_LIFESPAN_REMEMBER_ME, tableName=REALM; addNotNullConstraint columnName=SSO_IDLE_TIMEOUT_REMEMBER_ME, tableName=REALM		\N	4.25.1	\N	\N	4657164611
authz-7.0.0-KEYCLOAK-10443	psilva@redhat.com	META-INF/jpa-changelog-authz-7.0.0.xml	2024-05-02 15:39:27.394856	71	EXECUTED	9:fd4ade7b90c3b67fae0bfcfcb42dfb5f	addColumn tableName=RESOURCE_SERVER		\N	4.25.1	\N	\N	4657164611
8.0.0-adding-credential-columns	keycloak	META-INF/jpa-changelog-8.0.0.xml	2024-05-02 15:39:27.403257	72	EXECUTED	9:aa072ad090bbba210d8f18781b8cebf4	addColumn tableName=CREDENTIAL; addColumn tableName=FED_USER_CREDENTIAL		\N	4.25.1	\N	\N	4657164611
8.0.0-updating-credential-data-not-oracle-fixed	keycloak	META-INF/jpa-changelog-8.0.0.xml	2024-05-02 15:39:27.412757	73	EXECUTED	9:1ae6be29bab7c2aa376f6983b932be37	update tableName=CREDENTIAL; update tableName=CREDENTIAL; update tableName=CREDENTIAL; update tableName=FED_USER_CREDENTIAL; update tableName=FED_USER_CREDENTIAL; update tableName=FED_USER_CREDENTIAL		\N	4.25.1	\N	\N	4657164611
8.0.0-updating-credential-data-oracle-fixed	keycloak	META-INF/jpa-changelog-8.0.0.xml	2024-05-02 15:39:27.415424	74	MARK_RAN	9:14706f286953fc9a25286dbd8fb30d97	update tableName=CREDENTIAL; update tableName=CREDENTIAL; update tableName=CREDENTIAL; update tableName=FED_USER_CREDENTIAL; update tableName=FED_USER_CREDENTIAL; update tableName=FED_USER_CREDENTIAL		\N	4.25.1	\N	\N	4657164611
8.0.0-credential-cleanup-fixed	keycloak	META-INF/jpa-changelog-8.0.0.xml	2024-05-02 15:39:27.437841	75	EXECUTED	9:2b9cc12779be32c5b40e2e67711a218b	dropDefaultValue columnName=COUNTER, tableName=CREDENTIAL; dropDefaultValue columnName=DIGITS, tableName=CREDENTIAL; dropDefaultValue columnName=PERIOD, tableName=CREDENTIAL; dropDefaultValue columnName=ALGORITHM, tableName=CREDENTIAL; dropColumn ...		\N	4.25.1	\N	\N	4657164611
8.0.0-resource-tag-support	keycloak	META-INF/jpa-changelog-8.0.0.xml	2024-05-02 15:39:27.446374	76	EXECUTED	9:91fa186ce7a5af127a2d7a91ee083cc5	addColumn tableName=MIGRATION_MODEL; createIndex indexName=IDX_UPDATE_TIME, tableName=MIGRATION_MODEL		\N	4.25.1	\N	\N	4657164611
9.0.0-always-display-client	keycloak	META-INF/jpa-changelog-9.0.0.xml	2024-05-02 15:39:27.451177	77	EXECUTED	9:6335e5c94e83a2639ccd68dd24e2e5ad	addColumn tableName=CLIENT		\N	4.25.1	\N	\N	4657164611
9.0.0-drop-constraints-for-column-increase	keycloak	META-INF/jpa-changelog-9.0.0.xml	2024-05-02 15:39:27.453329	78	MARK_RAN	9:6bdb5658951e028bfe16fa0a8228b530	dropUniqueConstraint constraintName=UK_FRSR6T700S9V50BU18WS5PMT, tableName=RESOURCE_SERVER_PERM_TICKET; dropUniqueConstraint constraintName=UK_FRSR6T700S9V50BU18WS5HA6, tableName=RESOURCE_SERVER_RESOURCE; dropPrimaryKey constraintName=CONSTRAINT_O...		\N	4.25.1	\N	\N	4657164611
9.0.0-increase-column-size-federated-fk	keycloak	META-INF/jpa-changelog-9.0.0.xml	2024-05-02 15:39:27.475951	79	EXECUTED	9:d5bc15a64117ccad481ce8792d4c608f	modifyDataType columnName=CLIENT_ID, tableName=FED_USER_CONSENT; modifyDataType columnName=CLIENT_REALM_CONSTRAINT, tableName=KEYCLOAK_ROLE; modifyDataType columnName=OWNER, tableName=RESOURCE_SERVER_POLICY; modifyDataType columnName=CLIENT_ID, ta...		\N	4.25.1	\N	\N	4657164611
9.0.0-recreate-constraints-after-column-increase	keycloak	META-INF/jpa-changelog-9.0.0.xml	2024-05-02 15:39:27.477995	80	MARK_RAN	9:077cba51999515f4d3e7ad5619ab592c	addNotNullConstraint columnName=CLIENT_ID, tableName=OFFLINE_CLIENT_SESSION; addNotNullConstraint columnName=OWNER, tableName=RESOURCE_SERVER_PERM_TICKET; addNotNullConstraint columnName=REQUESTER, tableName=RESOURCE_SERVER_PERM_TICKET; addNotNull...		\N	4.25.1	\N	\N	4657164611
9.0.1-add-index-to-client.client_id	keycloak	META-INF/jpa-changelog-9.0.1.xml	2024-05-02 15:39:27.492831	81	EXECUTED	9:be969f08a163bf47c6b9e9ead8ac2afb	createIndex indexName=IDX_CLIENT_ID, tableName=CLIENT		\N	4.25.1	\N	\N	4657164611
9.0.1-KEYCLOAK-12579-drop-constraints	keycloak	META-INF/jpa-changelog-9.0.1.xml	2024-05-02 15:39:27.494828	82	MARK_RAN	9:6d3bb4408ba5a72f39bd8a0b301ec6e3	dropUniqueConstraint constraintName=SIBLING_NAMES, tableName=KEYCLOAK_GROUP		\N	4.25.1	\N	\N	4657164611
9.0.1-KEYCLOAK-12579-add-not-null-constraint	keycloak	META-INF/jpa-changelog-9.0.1.xml	2024-05-02 15:39:27.500299	83	EXECUTED	9:966bda61e46bebf3cc39518fbed52fa7	addNotNullConstraint columnName=PARENT_GROUP, tableName=KEYCLOAK_GROUP		\N	4.25.1	\N	\N	4657164611
9.0.1-KEYCLOAK-12579-recreate-constraints	keycloak	META-INF/jpa-changelog-9.0.1.xml	2024-05-02 15:39:27.502527	84	MARK_RAN	9:8dcac7bdf7378e7d823cdfddebf72fda	addUniqueConstraint constraintName=SIBLING_NAMES, tableName=KEYCLOAK_GROUP		\N	4.25.1	\N	\N	4657164611
9.0.1-add-index-to-events	keycloak	META-INF/jpa-changelog-9.0.1.xml	2024-05-02 15:39:27.509945	85	EXECUTED	9:7d93d602352a30c0c317e6a609b56599	createIndex indexName=IDX_EVENT_TIME, tableName=EVENT_ENTITY		\N	4.25.1	\N	\N	4657164611
map-remove-ri	keycloak	META-INF/jpa-changelog-11.0.0.xml	2024-05-02 15:39:27.515624	86	EXECUTED	9:71c5969e6cdd8d7b6f47cebc86d37627	dropForeignKeyConstraint baseTableName=REALM, constraintName=FK_TRAF444KK6QRKMS7N56AIWQ5Y; dropForeignKeyConstraint baseTableName=KEYCLOAK_ROLE, constraintName=FK_KJHO5LE2C0RAL09FL8CM9WFW9		\N	4.25.1	\N	\N	4657164611
map-remove-ri	keycloak	META-INF/jpa-changelog-12.0.0.xml	2024-05-02 15:39:27.524653	87	EXECUTED	9:a9ba7d47f065f041b7da856a81762021	dropForeignKeyConstraint baseTableName=REALM_DEFAULT_GROUPS, constraintName=FK_DEF_GROUPS_GROUP; dropForeignKeyConstraint baseTableName=REALM_DEFAULT_ROLES, constraintName=FK_H4WPD7W4HSOOLNI3H0SW7BTJE; dropForeignKeyConstraint baseTableName=CLIENT...		\N	4.25.1	\N	\N	4657164611
12.1.0-add-realm-localization-table	keycloak	META-INF/jpa-changelog-12.0.0.xml	2024-05-02 15:39:27.537198	88	EXECUTED	9:fffabce2bc01e1a8f5110d5278500065	createTable tableName=REALM_LOCALIZATIONS; addPrimaryKey tableName=REALM_LOCALIZATIONS		\N	4.25.1	\N	\N	4657164611
default-roles	keycloak	META-INF/jpa-changelog-13.0.0.xml	2024-05-02 15:39:27.547639	89	EXECUTED	9:fa8a5b5445e3857f4b010bafb5009957	addColumn tableName=REALM; customChange		\N	4.25.1	\N	\N	4657164611
default-roles-cleanup	keycloak	META-INF/jpa-changelog-13.0.0.xml	2024-05-02 15:39:27.555131	90	EXECUTED	9:67ac3241df9a8582d591c5ed87125f39	dropTable tableName=REALM_DEFAULT_ROLES; dropTable tableName=CLIENT_DEFAULT_ROLES		\N	4.25.1	\N	\N	4657164611
13.0.0-KEYCLOAK-16844	keycloak	META-INF/jpa-changelog-13.0.0.xml	2024-05-02 15:39:27.563568	91	EXECUTED	9:ad1194d66c937e3ffc82386c050ba089	createIndex indexName=IDX_OFFLINE_USS_PRELOAD, tableName=OFFLINE_USER_SESSION		\N	4.25.1	\N	\N	4657164611
map-remove-ri-13.0.0	keycloak	META-INF/jpa-changelog-13.0.0.xml	2024-05-02 15:39:27.573138	92	EXECUTED	9:d9be619d94af5a2f5d07b9f003543b91	dropForeignKeyConstraint baseTableName=DEFAULT_CLIENT_SCOPE, constraintName=FK_R_DEF_CLI_SCOPE_SCOPE; dropForeignKeyConstraint baseTableName=CLIENT_SCOPE_CLIENT, constraintName=FK_C_CLI_SCOPE_SCOPE; dropForeignKeyConstraint baseTableName=CLIENT_SC...		\N	4.25.1	\N	\N	4657164611
13.0.0-KEYCLOAK-17992-drop-constraints	keycloak	META-INF/jpa-changelog-13.0.0.xml	2024-05-02 15:39:27.575393	93	MARK_RAN	9:544d201116a0fcc5a5da0925fbbc3bde	dropPrimaryKey constraintName=C_CLI_SCOPE_BIND, tableName=CLIENT_SCOPE_CLIENT; dropIndex indexName=IDX_CLSCOPE_CL, tableName=CLIENT_SCOPE_CLIENT; dropIndex indexName=IDX_CL_CLSCOPE, tableName=CLIENT_SCOPE_CLIENT		\N	4.25.1	\N	\N	4657164611
13.0.0-increase-column-size-federated	keycloak	META-INF/jpa-changelog-13.0.0.xml	2024-05-02 15:39:27.588107	94	EXECUTED	9:43c0c1055b6761b4b3e89de76d612ccf	modifyDataType columnName=CLIENT_ID, tableName=CLIENT_SCOPE_CLIENT; modifyDataType columnName=SCOPE_ID, tableName=CLIENT_SCOPE_CLIENT		\N	4.25.1	\N	\N	4657164611
13.0.0-KEYCLOAK-17992-recreate-constraints	keycloak	META-INF/jpa-changelog-13.0.0.xml	2024-05-02 15:39:27.590583	95	MARK_RAN	9:8bd711fd0330f4fe980494ca43ab1139	addNotNullConstraint columnName=CLIENT_ID, tableName=CLIENT_SCOPE_CLIENT; addNotNullConstraint columnName=SCOPE_ID, tableName=CLIENT_SCOPE_CLIENT; addPrimaryKey constraintName=C_CLI_SCOPE_BIND, tableName=CLIENT_SCOPE_CLIENT; createIndex indexName=...		\N	4.25.1	\N	\N	4657164611
json-string-accomodation-fixed	keycloak	META-INF/jpa-changelog-13.0.0.xml	2024-05-02 15:39:27.599877	96	EXECUTED	9:e07d2bc0970c348bb06fb63b1f82ddbf	addColumn tableName=REALM_ATTRIBUTE; update tableName=REALM_ATTRIBUTE; dropColumn columnName=VALUE, tableName=REALM_ATTRIBUTE; renameColumn newColumnName=VALUE, oldColumnName=VALUE_NEW, tableName=REALM_ATTRIBUTE		\N	4.25.1	\N	\N	4657164611
14.0.0-KEYCLOAK-11019	keycloak	META-INF/jpa-changelog-14.0.0.xml	2024-05-02 15:39:27.616592	97	EXECUTED	9:24fb8611e97f29989bea412aa38d12b7	createIndex indexName=IDX_OFFLINE_CSS_PRELOAD, tableName=OFFLINE_CLIENT_SESSION; createIndex indexName=IDX_OFFLINE_USS_BY_USER, tableName=OFFLINE_USER_SESSION; createIndex indexName=IDX_OFFLINE_USS_BY_USERSESS, tableName=OFFLINE_USER_SESSION		\N	4.25.1	\N	\N	4657164611
14.0.0-KEYCLOAK-18286	keycloak	META-INF/jpa-changelog-14.0.0.xml	2024-05-02 15:39:27.619284	98	MARK_RAN	9:259f89014ce2506ee84740cbf7163aa7	createIndex indexName=IDX_CLIENT_ATT_BY_NAME_VALUE, tableName=CLIENT_ATTRIBUTES		\N	4.25.1	\N	\N	4657164611
14.0.0-KEYCLOAK-18286-revert	keycloak	META-INF/jpa-changelog-14.0.0.xml	2024-05-02 15:39:27.630796	99	MARK_RAN	9:04baaf56c116ed19951cbc2cca584022	dropIndex indexName=IDX_CLIENT_ATT_BY_NAME_VALUE, tableName=CLIENT_ATTRIBUTES		\N	4.25.1	\N	\N	4657164611
14.0.0-KEYCLOAK-18286-supported-dbs	keycloak	META-INF/jpa-changelog-14.0.0.xml	2024-05-02 15:39:27.638905	100	EXECUTED	9:60ca84a0f8c94ec8c3504a5a3bc88ee8	createIndex indexName=IDX_CLIENT_ATT_BY_NAME_VALUE, tableName=CLIENT_ATTRIBUTES		\N	4.25.1	\N	\N	4657164611
14.0.0-KEYCLOAK-18286-unsupported-dbs	keycloak	META-INF/jpa-changelog-14.0.0.xml	2024-05-02 15:39:27.641091	101	MARK_RAN	9:d3d977031d431db16e2c181ce49d73e9	createIndex indexName=IDX_CLIENT_ATT_BY_NAME_VALUE, tableName=CLIENT_ATTRIBUTES		\N	4.25.1	\N	\N	4657164611
KEYCLOAK-17267-add-index-to-user-attributes	keycloak	META-INF/jpa-changelog-14.0.0.xml	2024-05-02 15:39:27.659951	102	EXECUTED	9:0b305d8d1277f3a89a0a53a659ad274c	createIndex indexName=IDX_USER_ATTRIBUTE_NAME, tableName=USER_ATTRIBUTE		\N	4.25.1	\N	\N	4657164611
KEYCLOAK-18146-add-saml-art-binding-identifier	keycloak	META-INF/jpa-changelog-14.0.0.xml	2024-05-02 15:39:27.668977	103	EXECUTED	9:2c374ad2cdfe20e2905a84c8fac48460	customChange		\N	4.25.1	\N	\N	4657164611
15.0.0-KEYCLOAK-18467	keycloak	META-INF/jpa-changelog-15.0.0.xml	2024-05-02 15:39:27.677073	104	EXECUTED	9:47a760639ac597360a8219f5b768b4de	addColumn tableName=REALM_LOCALIZATIONS; update tableName=REALM_LOCALIZATIONS; dropColumn columnName=TEXTS, tableName=REALM_LOCALIZATIONS; renameColumn newColumnName=TEXTS, oldColumnName=TEXTS_NEW, tableName=REALM_LOCALIZATIONS; addNotNullConstrai...		\N	4.25.1	\N	\N	4657164611
17.0.0-9562	keycloak	META-INF/jpa-changelog-17.0.0.xml	2024-05-02 15:39:27.686575	105	EXECUTED	9:a6272f0576727dd8cad2522335f5d99e	createIndex indexName=IDX_USER_SERVICE_ACCOUNT, tableName=USER_ENTITY		\N	4.25.1	\N	\N	4657164611
18.0.0-10625-IDX_ADMIN_EVENT_TIME	keycloak	META-INF/jpa-changelog-18.0.0.xml	2024-05-02 15:39:27.69521	106	EXECUTED	9:015479dbd691d9cc8669282f4828c41d	createIndex indexName=IDX_ADMIN_EVENT_TIME, tableName=ADMIN_EVENT_ENTITY		\N	4.25.1	\N	\N	4657164611
19.0.0-10135	keycloak	META-INF/jpa-changelog-19.0.0.xml	2024-05-02 15:39:27.704398	107	EXECUTED	9:9518e495fdd22f78ad6425cc30630221	customChange		\N	4.25.1	\N	\N	4657164611
20.0.0-12964-supported-dbs	keycloak	META-INF/jpa-changelog-20.0.0.xml	2024-05-02 15:39:27.711994	108	EXECUTED	9:e5f243877199fd96bcc842f27a1656ac	createIndex indexName=IDX_GROUP_ATT_BY_NAME_VALUE, tableName=GROUP_ATTRIBUTE		\N	4.25.1	\N	\N	4657164611
20.0.0-12964-unsupported-dbs	keycloak	META-INF/jpa-changelog-20.0.0.xml	2024-05-02 15:39:27.714341	109	MARK_RAN	9:1a6fcaa85e20bdeae0a9ce49b41946a5	createIndex indexName=IDX_GROUP_ATT_BY_NAME_VALUE, tableName=GROUP_ATTRIBUTE		\N	4.25.1	\N	\N	4657164611
client-attributes-string-accomodation-fixed	keycloak	META-INF/jpa-changelog-20.0.0.xml	2024-05-02 15:39:27.722694	110	EXECUTED	9:3f332e13e90739ed0c35b0b25b7822ca	addColumn tableName=CLIENT_ATTRIBUTES; update tableName=CLIENT_ATTRIBUTES; dropColumn columnName=VALUE, tableName=CLIENT_ATTRIBUTES; renameColumn newColumnName=VALUE, oldColumnName=VALUE_NEW, tableName=CLIENT_ATTRIBUTES		\N	4.25.1	\N	\N	4657164611
21.0.2-17277	keycloak	META-INF/jpa-changelog-21.0.2.xml	2024-05-02 15:39:27.730877	111	EXECUTED	9:7ee1f7a3fb8f5588f171fb9a6ab623c0	customChange		\N	4.25.1	\N	\N	4657164611
21.1.0-19404	keycloak	META-INF/jpa-changelog-21.1.0.xml	2024-05-02 15:39:27.77451	112	EXECUTED	9:3d7e830b52f33676b9d64f7f2b2ea634	modifyDataType columnName=DECISION_STRATEGY, tableName=RESOURCE_SERVER_POLICY; modifyDataType columnName=LOGIC, tableName=RESOURCE_SERVER_POLICY; modifyDataType columnName=POLICY_ENFORCE_MODE, tableName=RESOURCE_SERVER		\N	4.25.1	\N	\N	4657164611
21.1.0-19404-2	keycloak	META-INF/jpa-changelog-21.1.0.xml	2024-05-02 15:39:27.784693	113	MARK_RAN	9:627d032e3ef2c06c0e1f73d2ae25c26c	addColumn tableName=RESOURCE_SERVER_POLICY; update tableName=RESOURCE_SERVER_POLICY; dropColumn columnName=DECISION_STRATEGY, tableName=RESOURCE_SERVER_POLICY; renameColumn newColumnName=DECISION_STRATEGY, oldColumnName=DECISION_STRATEGY_NEW, tabl...		\N	4.25.1	\N	\N	4657164611
22.0.0-17484-updated	keycloak	META-INF/jpa-changelog-22.0.0.xml	2024-05-02 15:39:27.817912	114	EXECUTED	9:90af0bfd30cafc17b9f4d6eccd92b8b3	customChange		\N	4.25.1	\N	\N	4657164611
22.0.5-24031	keycloak	META-INF/jpa-changelog-22.0.0.xml	2024-05-02 15:39:27.823075	115	MARK_RAN	9:a60d2d7b315ec2d3eba9e2f145f9df28	customChange		\N	4.25.1	\N	\N	4657164611
23.0.0-12062	keycloak	META-INF/jpa-changelog-23.0.0.xml	2024-05-02 15:39:27.843348	116	EXECUTED	9:2168fbe728fec46ae9baf15bf80927b8	addColumn tableName=COMPONENT_CONFIG; update tableName=COMPONENT_CONFIG; dropColumn columnName=VALUE, tableName=COMPONENT_CONFIG; renameColumn newColumnName=VALUE, oldColumnName=VALUE_NEW, tableName=COMPONENT_CONFIG		\N	4.25.1	\N	\N	4657164611
23.0.0-17258	keycloak	META-INF/jpa-changelog-23.0.0.xml	2024-05-02 15:39:27.854068	117	EXECUTED	9:36506d679a83bbfda85a27ea1864dca8	addColumn tableName=EVENT_ENTITY		\N	4.25.1	\N	\N	4657164611
24.0.0-9758	keycloak	META-INF/jpa-changelog-24.0.0.xml	2024-05-02 15:39:27.90348	118	EXECUTED	9:502c557a5189f600f0f445a9b49ebbce	addColumn tableName=USER_ATTRIBUTE; addColumn tableName=FED_USER_ATTRIBUTE; createIndex indexName=USER_ATTR_LONG_VALUES, tableName=USER_ATTRIBUTE; createIndex indexName=FED_USER_ATTR_LONG_VALUES, tableName=FED_USER_ATTRIBUTE; createIndex indexName...		\N	4.25.1	\N	\N	4657164611
24.0.0-26618-drop-index-if-present	keycloak	META-INF/jpa-changelog-24.0.0.xml	2024-05-02 15:39:27.929027	120	MARK_RAN	9:04baaf56c116ed19951cbc2cca584022	dropIndex indexName=IDX_CLIENT_ATT_BY_NAME_VALUE, tableName=CLIENT_ATTRIBUTES		\N	4.25.1	\N	\N	4657164611
24.0.0-26618-reindex	keycloak	META-INF/jpa-changelog-24.0.0.xml	2024-05-02 15:39:27.94539	121	EXECUTED	9:08707c0f0db1cef6b352db03a60edc7f	createIndex indexName=IDX_CLIENT_ATT_BY_NAME_VALUE, tableName=CLIENT_ATTRIBUTES		\N	4.25.1	\N	\N	4657164611
24.0.2-27228	keycloak	META-INF/jpa-changelog-24.0.2.xml	2024-05-02 15:39:27.952975	122	EXECUTED	9:eaee11f6b8aa25d2cc6a84fb86fc6238	customChange		\N	4.25.1	\N	\N	4657164611
24.0.2-27967-drop-index-if-present	keycloak	META-INF/jpa-changelog-24.0.2.xml	2024-05-02 15:39:27.954872	123	MARK_RAN	9:04baaf56c116ed19951cbc2cca584022	dropIndex indexName=IDX_CLIENT_ATT_BY_NAME_VALUE, tableName=CLIENT_ATTRIBUTES		\N	4.25.1	\N	\N	4657164611
24.0.2-27967-reindex	keycloak	META-INF/jpa-changelog-24.0.2.xml	2024-05-02 15:39:27.958038	124	MARK_RAN	9:d3d977031d431db16e2c181ce49d73e9	createIndex indexName=IDX_CLIENT_ATT_BY_NAME_VALUE, tableName=CLIENT_ATTRIBUTES		\N	4.25.1	\N	\N	4657164611
\.


--
-- Data for Name: databasechangeloglock; Type: TABLE DATA; Schema: keycloak; Owner: keycloak
--

COPY keycloak.databasechangeloglock (id, locked, lockgranted, lockedby) FROM stdin;
1	f	\N	\N
1000	f	\N	\N
1001	f	\N	\N
\.


--
-- Data for Name: default_client_scope; Type: TABLE DATA; Schema: keycloak; Owner: keycloak
--

COPY keycloak.default_client_scope (realm_id, scope_id, default_scope) FROM stdin;
2e83e3ca-ea3c-48b1-b377-4ccadf701aaa	6deaa062-109d-455d-8d34-6966145e2c11	f
2e83e3ca-ea3c-48b1-b377-4ccadf701aaa	1e172936-614c-4fd1-addd-08f0449f1945	t
2e83e3ca-ea3c-48b1-b377-4ccadf701aaa	7c7e8a46-07ef-4bfc-8c07-865f32681535	t
2e83e3ca-ea3c-48b1-b377-4ccadf701aaa	0d6b25d5-be71-47de-9f85-67f0a715c663	t
2e83e3ca-ea3c-48b1-b377-4ccadf701aaa	45f55b31-1cf6-4143-8677-fcbc8baaaefc	f
2e83e3ca-ea3c-48b1-b377-4ccadf701aaa	94e35147-a7d1-4c90-8552-63bdee3d3867	f
2e83e3ca-ea3c-48b1-b377-4ccadf701aaa	e29c14b5-3539-4971-bd68-cde00099ee42	t
2e83e3ca-ea3c-48b1-b377-4ccadf701aaa	e6d221ff-cc82-4e7a-a319-94f9e22b6c96	t
2e83e3ca-ea3c-48b1-b377-4ccadf701aaa	2a6fc2b6-2ebf-4bca-ba8e-e992eea111d2	f
2e83e3ca-ea3c-48b1-b377-4ccadf701aaa	80521878-9887-41db-a4bb-de75980dcf27	t
\.


--
-- Data for Name: event_entity; Type: TABLE DATA; Schema: keycloak; Owner: keycloak
--

COPY keycloak.event_entity (id, client_id, details_json, error, ip_address, realm_id, session_id, event_time, type, user_id, details_json_long_value) FROM stdin;
\.


--
-- Data for Name: fed_user_attribute; Type: TABLE DATA; Schema: keycloak; Owner: keycloak
--

COPY keycloak.fed_user_attribute (id, name, user_id, realm_id, storage_provider_id, value, long_value_hash, long_value_hash_lower_case, long_value) FROM stdin;
\.


--
-- Data for Name: fed_user_consent; Type: TABLE DATA; Schema: keycloak; Owner: keycloak
--

COPY keycloak.fed_user_consent (id, client_id, user_id, realm_id, storage_provider_id, created_date, last_updated_date, client_storage_provider, external_client_id) FROM stdin;
\.


--
-- Data for Name: fed_user_consent_cl_scope; Type: TABLE DATA; Schema: keycloak; Owner: keycloak
--

COPY keycloak.fed_user_consent_cl_scope (user_consent_id, scope_id) FROM stdin;
\.


--
-- Data for Name: fed_user_credential; Type: TABLE DATA; Schema: keycloak; Owner: keycloak
--

COPY keycloak.fed_user_credential (id, salt, type, created_date, user_id, realm_id, storage_provider_id, user_label, secret_data, credential_data, priority) FROM stdin;
\.


--
-- Data for Name: fed_user_group_membership; Type: TABLE DATA; Schema: keycloak; Owner: keycloak
--

COPY keycloak.fed_user_group_membership (group_id, user_id, realm_id, storage_provider_id) FROM stdin;
\.


--
-- Data for Name: fed_user_required_action; Type: TABLE DATA; Schema: keycloak; Owner: keycloak
--

COPY keycloak.fed_user_required_action (required_action, user_id, realm_id, storage_provider_id) FROM stdin;
\.


--
-- Data for Name: fed_user_role_mapping; Type: TABLE DATA; Schema: keycloak; Owner: keycloak
--

COPY keycloak.fed_user_role_mapping (role_id, user_id, realm_id, storage_provider_id) FROM stdin;
\.


--
-- Data for Name: federated_identity; Type: TABLE DATA; Schema: keycloak; Owner: keycloak
--

COPY keycloak.federated_identity (identity_provider, realm_id, federated_user_id, federated_username, token, user_id) FROM stdin;
\.


--
-- Data for Name: federated_user; Type: TABLE DATA; Schema: keycloak; Owner: keycloak
--

COPY keycloak.federated_user (id, storage_provider_id, realm_id) FROM stdin;
\.


--
-- Data for Name: group_attribute; Type: TABLE DATA; Schema: keycloak; Owner: keycloak
--

COPY keycloak.group_attribute (id, name, value, group_id) FROM stdin;
\.


--
-- Data for Name: group_role_mapping; Type: TABLE DATA; Schema: keycloak; Owner: keycloak
--

COPY keycloak.group_role_mapping (role_id, group_id) FROM stdin;
\.


--
-- Data for Name: identity_provider; Type: TABLE DATA; Schema: keycloak; Owner: keycloak
--

COPY keycloak.identity_provider (internal_id, enabled, provider_alias, provider_id, store_token, authenticate_by_default, realm_id, add_token_role, trust_email, first_broker_login_flow_id, post_broker_login_flow_id, provider_display_name, link_only) FROM stdin;
\.


--
-- Data for Name: identity_provider_config; Type: TABLE DATA; Schema: keycloak; Owner: keycloak
--

COPY keycloak.identity_provider_config (identity_provider_id, value, name) FROM stdin;
\.


--
-- Data for Name: identity_provider_mapper; Type: TABLE DATA; Schema: keycloak; Owner: keycloak
--

COPY keycloak.identity_provider_mapper (id, name, idp_alias, idp_mapper_name, realm_id) FROM stdin;
\.


--
-- Data for Name: idp_mapper_config; Type: TABLE DATA; Schema: keycloak; Owner: keycloak
--

COPY keycloak.idp_mapper_config (idp_mapper_id, value, name) FROM stdin;
\.


--
-- Data for Name: keycloak_group; Type: TABLE DATA; Schema: keycloak; Owner: keycloak
--

COPY keycloak.keycloak_group (id, name, parent_group, realm_id) FROM stdin;
\.


--
-- Data for Name: keycloak_role; Type: TABLE DATA; Schema: keycloak; Owner: keycloak
--

COPY keycloak.keycloak_role (id, client_realm_constraint, client_role, description, name, realm_id, client, realm) FROM stdin;
53e1eb47-3aa2-4e4f-a42e-8168ae6180d2	2e83e3ca-ea3c-48b1-b377-4ccadf701aaa	f	${role_default-roles}	default-roles-master	2e83e3ca-ea3c-48b1-b377-4ccadf701aaa	\N	\N
517d1e8e-c76f-490f-a200-8c971c4ec2f4	2e83e3ca-ea3c-48b1-b377-4ccadf701aaa	f	${role_create-realm}	create-realm	2e83e3ca-ea3c-48b1-b377-4ccadf701aaa	\N	\N
dd7d745e-f768-41f2-a307-369d3a959e71	2e83e3ca-ea3c-48b1-b377-4ccadf701aaa	f	${role_admin}	admin	2e83e3ca-ea3c-48b1-b377-4ccadf701aaa	\N	\N
17dd12fe-f538-4398-9757-fa6c202a46cc	f1d0809c-2dd2-4a84-8abe-07ca42a310d2	t	${role_create-client}	create-client	2e83e3ca-ea3c-48b1-b377-4ccadf701aaa	f1d0809c-2dd2-4a84-8abe-07ca42a310d2	\N
45040c64-f58e-4b4c-8036-dc7c66a276d4	f1d0809c-2dd2-4a84-8abe-07ca42a310d2	t	${role_view-realm}	view-realm	2e83e3ca-ea3c-48b1-b377-4ccadf701aaa	f1d0809c-2dd2-4a84-8abe-07ca42a310d2	\N
5c30f4c8-1a05-4b16-b1c8-b9be3575dbbe	f1d0809c-2dd2-4a84-8abe-07ca42a310d2	t	${role_view-users}	view-users	2e83e3ca-ea3c-48b1-b377-4ccadf701aaa	f1d0809c-2dd2-4a84-8abe-07ca42a310d2	\N
2a491bfd-5a8b-45a5-9755-6ae6214c9f6a	f1d0809c-2dd2-4a84-8abe-07ca42a310d2	t	${role_view-clients}	view-clients	2e83e3ca-ea3c-48b1-b377-4ccadf701aaa	f1d0809c-2dd2-4a84-8abe-07ca42a310d2	\N
ed7aad15-02f7-431c-a265-48bc97d6acb8	f1d0809c-2dd2-4a84-8abe-07ca42a310d2	t	${role_view-events}	view-events	2e83e3ca-ea3c-48b1-b377-4ccadf701aaa	f1d0809c-2dd2-4a84-8abe-07ca42a310d2	\N
886ffc79-f8d2-4f5a-948d-ff49007c8b59	f1d0809c-2dd2-4a84-8abe-07ca42a310d2	t	${role_view-identity-providers}	view-identity-providers	2e83e3ca-ea3c-48b1-b377-4ccadf701aaa	f1d0809c-2dd2-4a84-8abe-07ca42a310d2	\N
d6a99b33-6315-4a40-afc5-56df82dd03dd	f1d0809c-2dd2-4a84-8abe-07ca42a310d2	t	${role_view-authorization}	view-authorization	2e83e3ca-ea3c-48b1-b377-4ccadf701aaa	f1d0809c-2dd2-4a84-8abe-07ca42a310d2	\N
247ff03b-b3ae-4ef5-be31-a01c06038b17	f1d0809c-2dd2-4a84-8abe-07ca42a310d2	t	${role_manage-realm}	manage-realm	2e83e3ca-ea3c-48b1-b377-4ccadf701aaa	f1d0809c-2dd2-4a84-8abe-07ca42a310d2	\N
cd937fff-d963-4e55-84a4-ec7b2f8b4e28	f1d0809c-2dd2-4a84-8abe-07ca42a310d2	t	${role_manage-users}	manage-users	2e83e3ca-ea3c-48b1-b377-4ccadf701aaa	f1d0809c-2dd2-4a84-8abe-07ca42a310d2	\N
fae2f201-36a7-41c2-b7a4-12dca234245f	f1d0809c-2dd2-4a84-8abe-07ca42a310d2	t	${role_manage-clients}	manage-clients	2e83e3ca-ea3c-48b1-b377-4ccadf701aaa	f1d0809c-2dd2-4a84-8abe-07ca42a310d2	\N
6a583a02-38c2-47bd-884a-fed0f133bf0a	f1d0809c-2dd2-4a84-8abe-07ca42a310d2	t	${role_manage-events}	manage-events	2e83e3ca-ea3c-48b1-b377-4ccadf701aaa	f1d0809c-2dd2-4a84-8abe-07ca42a310d2	\N
b3d11563-8b17-4d41-8926-70416ae28589	f1d0809c-2dd2-4a84-8abe-07ca42a310d2	t	${role_manage-identity-providers}	manage-identity-providers	2e83e3ca-ea3c-48b1-b377-4ccadf701aaa	f1d0809c-2dd2-4a84-8abe-07ca42a310d2	\N
af8ec488-c214-489f-bc13-e1b32fe22ccc	f1d0809c-2dd2-4a84-8abe-07ca42a310d2	t	${role_manage-authorization}	manage-authorization	2e83e3ca-ea3c-48b1-b377-4ccadf701aaa	f1d0809c-2dd2-4a84-8abe-07ca42a310d2	\N
0d8e4bc8-e8b4-4d4f-bce5-faf4a9757e08	f1d0809c-2dd2-4a84-8abe-07ca42a310d2	t	${role_query-users}	query-users	2e83e3ca-ea3c-48b1-b377-4ccadf701aaa	f1d0809c-2dd2-4a84-8abe-07ca42a310d2	\N
280c1b52-c63c-42a1-8d25-33524a1aca2c	f1d0809c-2dd2-4a84-8abe-07ca42a310d2	t	${role_query-clients}	query-clients	2e83e3ca-ea3c-48b1-b377-4ccadf701aaa	f1d0809c-2dd2-4a84-8abe-07ca42a310d2	\N
15e47f22-6a76-4144-8aa8-e19178fb94b4	f1d0809c-2dd2-4a84-8abe-07ca42a310d2	t	${role_query-realms}	query-realms	2e83e3ca-ea3c-48b1-b377-4ccadf701aaa	f1d0809c-2dd2-4a84-8abe-07ca42a310d2	\N
c80ef51c-aaa8-4881-8080-9e0a6be6243c	f1d0809c-2dd2-4a84-8abe-07ca42a310d2	t	${role_query-groups}	query-groups	2e83e3ca-ea3c-48b1-b377-4ccadf701aaa	f1d0809c-2dd2-4a84-8abe-07ca42a310d2	\N
f1251885-83d8-4a8d-b891-2d2e247bc0fe	ac0c6265-30ff-4de6-b729-69d4e1ccb87c	t	${role_view-profile}	view-profile	2e83e3ca-ea3c-48b1-b377-4ccadf701aaa	ac0c6265-30ff-4de6-b729-69d4e1ccb87c	\N
304aa178-5be0-4047-a05a-cc50305dfeb4	ac0c6265-30ff-4de6-b729-69d4e1ccb87c	t	${role_manage-account}	manage-account	2e83e3ca-ea3c-48b1-b377-4ccadf701aaa	ac0c6265-30ff-4de6-b729-69d4e1ccb87c	\N
afd6284b-ff32-4372-b530-b0b4be280167	ac0c6265-30ff-4de6-b729-69d4e1ccb87c	t	${role_manage-account-links}	manage-account-links	2e83e3ca-ea3c-48b1-b377-4ccadf701aaa	ac0c6265-30ff-4de6-b729-69d4e1ccb87c	\N
b1ef55b1-f8dc-4e76-ade3-561ef2709599	ac0c6265-30ff-4de6-b729-69d4e1ccb87c	t	${role_view-applications}	view-applications	2e83e3ca-ea3c-48b1-b377-4ccadf701aaa	ac0c6265-30ff-4de6-b729-69d4e1ccb87c	\N
6e1a5ad0-7ec3-447c-ab64-304bc8f828f7	ac0c6265-30ff-4de6-b729-69d4e1ccb87c	t	${role_view-consent}	view-consent	2e83e3ca-ea3c-48b1-b377-4ccadf701aaa	ac0c6265-30ff-4de6-b729-69d4e1ccb87c	\N
fb3a8531-21b8-4679-a904-fb0e0f9567ed	ac0c6265-30ff-4de6-b729-69d4e1ccb87c	t	${role_manage-consent}	manage-consent	2e83e3ca-ea3c-48b1-b377-4ccadf701aaa	ac0c6265-30ff-4de6-b729-69d4e1ccb87c	\N
62da3666-3f87-43fd-b5e9-7c6fc2ea0ab8	ac0c6265-30ff-4de6-b729-69d4e1ccb87c	t	${role_view-groups}	view-groups	2e83e3ca-ea3c-48b1-b377-4ccadf701aaa	ac0c6265-30ff-4de6-b729-69d4e1ccb87c	\N
874910e9-adb1-4317-b7d0-e88fb55fb741	ac0c6265-30ff-4de6-b729-69d4e1ccb87c	t	${role_delete-account}	delete-account	2e83e3ca-ea3c-48b1-b377-4ccadf701aaa	ac0c6265-30ff-4de6-b729-69d4e1ccb87c	\N
fb5829a3-76c8-4f6e-96fa-28d9e56dc276	67d5f056-8de0-48f1-8773-1170a4438d8c	t	${role_read-token}	read-token	2e83e3ca-ea3c-48b1-b377-4ccadf701aaa	67d5f056-8de0-48f1-8773-1170a4438d8c	\N
13f5583c-919e-4b00-b0c9-8532572e3cd1	f1d0809c-2dd2-4a84-8abe-07ca42a310d2	t	${role_impersonation}	impersonation	2e83e3ca-ea3c-48b1-b377-4ccadf701aaa	f1d0809c-2dd2-4a84-8abe-07ca42a310d2	\N
49645fde-fc9d-4daa-8f6b-9c7420f519ae	2e83e3ca-ea3c-48b1-b377-4ccadf701aaa	f	${role_offline-access}	offline_access	2e83e3ca-ea3c-48b1-b377-4ccadf701aaa	\N	\N
8f8d7df4-38f7-41f6-8652-ec5ea95e34b8	2e83e3ca-ea3c-48b1-b377-4ccadf701aaa	f	${role_uma_authorization}	uma_authorization	2e83e3ca-ea3c-48b1-b377-4ccadf701aaa	\N	\N
\.


--
-- Data for Name: migration_model; Type: TABLE DATA; Schema: keycloak; Owner: keycloak
--

COPY keycloak.migration_model (id, version, update_time) FROM stdin;
mmve3	24.0.3	1714657168
\.


--
-- Data for Name: offline_client_session; Type: TABLE DATA; Schema: keycloak; Owner: keycloak
--

COPY keycloak.offline_client_session (user_session_id, client_id, offline_flag, "timestamp", data, client_storage_provider, external_client_id) FROM stdin;
\.


--
-- Data for Name: offline_user_session; Type: TABLE DATA; Schema: keycloak; Owner: keycloak
--

COPY keycloak.offline_user_session (user_session_id, user_id, realm_id, created_on, offline_flag, data, last_session_refresh) FROM stdin;
\.


--
-- Data for Name: policy_config; Type: TABLE DATA; Schema: keycloak; Owner: keycloak
--

COPY keycloak.policy_config (policy_id, name, value) FROM stdin;
\.


--
-- Data for Name: protocol_mapper; Type: TABLE DATA; Schema: keycloak; Owner: keycloak
--

COPY keycloak.protocol_mapper (id, name, protocol, protocol_mapper_name, client_id, client_scope_id) FROM stdin;
1cb1a3cd-b1df-4282-8d70-5b9dc7ddf545	audience resolve	openid-connect	oidc-audience-resolve-mapper	bb71e398-1eee-4d26-bb3c-cff95ee0293b	\N
33906afb-1bd3-4932-81fb-84ae0e6aa610	locale	openid-connect	oidc-usermodel-attribute-mapper	22de374b-29ac-414a-989a-c0bffb2f6fed	\N
03c9398f-e20b-4077-8e8a-ffbd2e2e7d9a	role list	saml	saml-role-list-mapper	\N	1e172936-614c-4fd1-addd-08f0449f1945
f459ffcb-0557-4697-a522-9e49e75743f2	full name	openid-connect	oidc-full-name-mapper	\N	7c7e8a46-07ef-4bfc-8c07-865f32681535
57e88398-5652-410b-9d90-5b4620e02475	family name	openid-connect	oidc-usermodel-attribute-mapper	\N	7c7e8a46-07ef-4bfc-8c07-865f32681535
ed3c322a-f1fe-4f31-b7df-5986f433fb06	given name	openid-connect	oidc-usermodel-attribute-mapper	\N	7c7e8a46-07ef-4bfc-8c07-865f32681535
502f4254-298e-474a-b0a8-4c5928011f2f	middle name	openid-connect	oidc-usermodel-attribute-mapper	\N	7c7e8a46-07ef-4bfc-8c07-865f32681535
f558af6b-f7d3-477f-b1c3-a99755160e5d	nickname	openid-connect	oidc-usermodel-attribute-mapper	\N	7c7e8a46-07ef-4bfc-8c07-865f32681535
0282bbed-7818-4db0-8d47-43a56494c0ce	username	openid-connect	oidc-usermodel-attribute-mapper	\N	7c7e8a46-07ef-4bfc-8c07-865f32681535
f34d412f-88fb-4efd-ab50-bfaeaa037df8	profile	openid-connect	oidc-usermodel-attribute-mapper	\N	7c7e8a46-07ef-4bfc-8c07-865f32681535
8ff1f1fa-d820-471a-a3b3-40fd8771c4fc	picture	openid-connect	oidc-usermodel-attribute-mapper	\N	7c7e8a46-07ef-4bfc-8c07-865f32681535
76fcf434-4283-4e8c-97c8-8ebdad7dad0c	website	openid-connect	oidc-usermodel-attribute-mapper	\N	7c7e8a46-07ef-4bfc-8c07-865f32681535
ceda266c-1a89-4163-a02c-a370dc269de3	gender	openid-connect	oidc-usermodel-attribute-mapper	\N	7c7e8a46-07ef-4bfc-8c07-865f32681535
5cda291f-dad2-4487-b316-04d8ad7a650c	birthdate	openid-connect	oidc-usermodel-attribute-mapper	\N	7c7e8a46-07ef-4bfc-8c07-865f32681535
06281a17-1c55-4749-8f60-1fb9553d4e27	zoneinfo	openid-connect	oidc-usermodel-attribute-mapper	\N	7c7e8a46-07ef-4bfc-8c07-865f32681535
a56ed5d9-c002-4336-b21e-22e99ce84ba9	locale	openid-connect	oidc-usermodel-attribute-mapper	\N	7c7e8a46-07ef-4bfc-8c07-865f32681535
4958dc0e-86ef-47e1-bcb3-8d89dad23e7d	updated at	openid-connect	oidc-usermodel-attribute-mapper	\N	7c7e8a46-07ef-4bfc-8c07-865f32681535
6fa0e798-3824-4b94-9397-90ccfbf4adb2	email	openid-connect	oidc-usermodel-attribute-mapper	\N	0d6b25d5-be71-47de-9f85-67f0a715c663
596d1f98-48d2-44db-a38f-20a1567a5a39	email verified	openid-connect	oidc-usermodel-property-mapper	\N	0d6b25d5-be71-47de-9f85-67f0a715c663
70d58965-3acc-42b0-a5f9-ecff014c1ddf	address	openid-connect	oidc-address-mapper	\N	45f55b31-1cf6-4143-8677-fcbc8baaaefc
fdcf2784-c1ac-4a24-8cd1-f584e5acd971	phone number	openid-connect	oidc-usermodel-attribute-mapper	\N	94e35147-a7d1-4c90-8552-63bdee3d3867
a62ac25d-d1df-434d-9dce-4c81ae5255fb	phone number verified	openid-connect	oidc-usermodel-attribute-mapper	\N	94e35147-a7d1-4c90-8552-63bdee3d3867
18adabc2-446c-4ff6-8108-9e96d11abbcb	realm roles	openid-connect	oidc-usermodel-realm-role-mapper	\N	e29c14b5-3539-4971-bd68-cde00099ee42
b0f76c4a-6e94-4754-9c16-3e6659d904a6	client roles	openid-connect	oidc-usermodel-client-role-mapper	\N	e29c14b5-3539-4971-bd68-cde00099ee42
c1144e93-1270-4c0d-9551-da4c15384e5e	audience resolve	openid-connect	oidc-audience-resolve-mapper	\N	e29c14b5-3539-4971-bd68-cde00099ee42
c4f36a62-3178-4597-9a2f-7f86909cd8fc	allowed web origins	openid-connect	oidc-allowed-origins-mapper	\N	e6d221ff-cc82-4e7a-a319-94f9e22b6c96
91714c5c-74d2-415d-8bcf-b97d6983a441	upn	openid-connect	oidc-usermodel-attribute-mapper	\N	2a6fc2b6-2ebf-4bca-ba8e-e992eea111d2
ec3afba6-94e6-487c-81d7-8af27e1ebdbb	groups	openid-connect	oidc-usermodel-realm-role-mapper	\N	2a6fc2b6-2ebf-4bca-ba8e-e992eea111d2
6a941ec3-c429-42e1-bfee-ad61757274d5	acr loa level	openid-connect	oidc-acr-mapper	\N	80521878-9887-41db-a4bb-de75980dcf27
\.


--
-- Data for Name: protocol_mapper_config; Type: TABLE DATA; Schema: keycloak; Owner: keycloak
--

COPY keycloak.protocol_mapper_config (protocol_mapper_id, value, name) FROM stdin;
33906afb-1bd3-4932-81fb-84ae0e6aa610	true	introspection.token.claim
33906afb-1bd3-4932-81fb-84ae0e6aa610	true	userinfo.token.claim
33906afb-1bd3-4932-81fb-84ae0e6aa610	locale	user.attribute
33906afb-1bd3-4932-81fb-84ae0e6aa610	true	id.token.claim
33906afb-1bd3-4932-81fb-84ae0e6aa610	true	access.token.claim
33906afb-1bd3-4932-81fb-84ae0e6aa610	locale	claim.name
33906afb-1bd3-4932-81fb-84ae0e6aa610	String	jsonType.label
03c9398f-e20b-4077-8e8a-ffbd2e2e7d9a	false	single
03c9398f-e20b-4077-8e8a-ffbd2e2e7d9a	Basic	attribute.nameformat
03c9398f-e20b-4077-8e8a-ffbd2e2e7d9a	Role	attribute.name
0282bbed-7818-4db0-8d47-43a56494c0ce	true	introspection.token.claim
0282bbed-7818-4db0-8d47-43a56494c0ce	true	userinfo.token.claim
0282bbed-7818-4db0-8d47-43a56494c0ce	username	user.attribute
0282bbed-7818-4db0-8d47-43a56494c0ce	true	id.token.claim
0282bbed-7818-4db0-8d47-43a56494c0ce	true	access.token.claim
0282bbed-7818-4db0-8d47-43a56494c0ce	preferred_username	claim.name
0282bbed-7818-4db0-8d47-43a56494c0ce	String	jsonType.label
06281a17-1c55-4749-8f60-1fb9553d4e27	true	introspection.token.claim
06281a17-1c55-4749-8f60-1fb9553d4e27	true	userinfo.token.claim
06281a17-1c55-4749-8f60-1fb9553d4e27	zoneinfo	user.attribute
06281a17-1c55-4749-8f60-1fb9553d4e27	true	id.token.claim
06281a17-1c55-4749-8f60-1fb9553d4e27	true	access.token.claim
06281a17-1c55-4749-8f60-1fb9553d4e27	zoneinfo	claim.name
06281a17-1c55-4749-8f60-1fb9553d4e27	String	jsonType.label
4958dc0e-86ef-47e1-bcb3-8d89dad23e7d	true	introspection.token.claim
4958dc0e-86ef-47e1-bcb3-8d89dad23e7d	true	userinfo.token.claim
4958dc0e-86ef-47e1-bcb3-8d89dad23e7d	updatedAt	user.attribute
4958dc0e-86ef-47e1-bcb3-8d89dad23e7d	true	id.token.claim
4958dc0e-86ef-47e1-bcb3-8d89dad23e7d	true	access.token.claim
4958dc0e-86ef-47e1-bcb3-8d89dad23e7d	updated_at	claim.name
4958dc0e-86ef-47e1-bcb3-8d89dad23e7d	long	jsonType.label
502f4254-298e-474a-b0a8-4c5928011f2f	true	introspection.token.claim
502f4254-298e-474a-b0a8-4c5928011f2f	true	userinfo.token.claim
502f4254-298e-474a-b0a8-4c5928011f2f	middleName	user.attribute
502f4254-298e-474a-b0a8-4c5928011f2f	true	id.token.claim
502f4254-298e-474a-b0a8-4c5928011f2f	true	access.token.claim
502f4254-298e-474a-b0a8-4c5928011f2f	middle_name	claim.name
502f4254-298e-474a-b0a8-4c5928011f2f	String	jsonType.label
57e88398-5652-410b-9d90-5b4620e02475	true	introspection.token.claim
57e88398-5652-410b-9d90-5b4620e02475	true	userinfo.token.claim
57e88398-5652-410b-9d90-5b4620e02475	lastName	user.attribute
57e88398-5652-410b-9d90-5b4620e02475	true	id.token.claim
57e88398-5652-410b-9d90-5b4620e02475	true	access.token.claim
57e88398-5652-410b-9d90-5b4620e02475	family_name	claim.name
57e88398-5652-410b-9d90-5b4620e02475	String	jsonType.label
5cda291f-dad2-4487-b316-04d8ad7a650c	true	introspection.token.claim
5cda291f-dad2-4487-b316-04d8ad7a650c	true	userinfo.token.claim
5cda291f-dad2-4487-b316-04d8ad7a650c	birthdate	user.attribute
5cda291f-dad2-4487-b316-04d8ad7a650c	true	id.token.claim
5cda291f-dad2-4487-b316-04d8ad7a650c	true	access.token.claim
5cda291f-dad2-4487-b316-04d8ad7a650c	birthdate	claim.name
5cda291f-dad2-4487-b316-04d8ad7a650c	String	jsonType.label
76fcf434-4283-4e8c-97c8-8ebdad7dad0c	true	introspection.token.claim
76fcf434-4283-4e8c-97c8-8ebdad7dad0c	true	userinfo.token.claim
76fcf434-4283-4e8c-97c8-8ebdad7dad0c	website	user.attribute
76fcf434-4283-4e8c-97c8-8ebdad7dad0c	true	id.token.claim
76fcf434-4283-4e8c-97c8-8ebdad7dad0c	true	access.token.claim
76fcf434-4283-4e8c-97c8-8ebdad7dad0c	website	claim.name
76fcf434-4283-4e8c-97c8-8ebdad7dad0c	String	jsonType.label
8ff1f1fa-d820-471a-a3b3-40fd8771c4fc	true	introspection.token.claim
8ff1f1fa-d820-471a-a3b3-40fd8771c4fc	true	userinfo.token.claim
8ff1f1fa-d820-471a-a3b3-40fd8771c4fc	picture	user.attribute
8ff1f1fa-d820-471a-a3b3-40fd8771c4fc	true	id.token.claim
8ff1f1fa-d820-471a-a3b3-40fd8771c4fc	true	access.token.claim
8ff1f1fa-d820-471a-a3b3-40fd8771c4fc	picture	claim.name
8ff1f1fa-d820-471a-a3b3-40fd8771c4fc	String	jsonType.label
a56ed5d9-c002-4336-b21e-22e99ce84ba9	true	introspection.token.claim
a56ed5d9-c002-4336-b21e-22e99ce84ba9	true	userinfo.token.claim
a56ed5d9-c002-4336-b21e-22e99ce84ba9	locale	user.attribute
a56ed5d9-c002-4336-b21e-22e99ce84ba9	true	id.token.claim
a56ed5d9-c002-4336-b21e-22e99ce84ba9	true	access.token.claim
a56ed5d9-c002-4336-b21e-22e99ce84ba9	locale	claim.name
a56ed5d9-c002-4336-b21e-22e99ce84ba9	String	jsonType.label
ceda266c-1a89-4163-a02c-a370dc269de3	true	introspection.token.claim
ceda266c-1a89-4163-a02c-a370dc269de3	true	userinfo.token.claim
ceda266c-1a89-4163-a02c-a370dc269de3	gender	user.attribute
ceda266c-1a89-4163-a02c-a370dc269de3	true	id.token.claim
ceda266c-1a89-4163-a02c-a370dc269de3	true	access.token.claim
ceda266c-1a89-4163-a02c-a370dc269de3	gender	claim.name
ceda266c-1a89-4163-a02c-a370dc269de3	String	jsonType.label
ed3c322a-f1fe-4f31-b7df-5986f433fb06	true	introspection.token.claim
ed3c322a-f1fe-4f31-b7df-5986f433fb06	true	userinfo.token.claim
ed3c322a-f1fe-4f31-b7df-5986f433fb06	firstName	user.attribute
ed3c322a-f1fe-4f31-b7df-5986f433fb06	true	id.token.claim
ed3c322a-f1fe-4f31-b7df-5986f433fb06	true	access.token.claim
ed3c322a-f1fe-4f31-b7df-5986f433fb06	given_name	claim.name
ed3c322a-f1fe-4f31-b7df-5986f433fb06	String	jsonType.label
f34d412f-88fb-4efd-ab50-bfaeaa037df8	true	introspection.token.claim
f34d412f-88fb-4efd-ab50-bfaeaa037df8	true	userinfo.token.claim
f34d412f-88fb-4efd-ab50-bfaeaa037df8	profile	user.attribute
f34d412f-88fb-4efd-ab50-bfaeaa037df8	true	id.token.claim
f34d412f-88fb-4efd-ab50-bfaeaa037df8	true	access.token.claim
f34d412f-88fb-4efd-ab50-bfaeaa037df8	profile	claim.name
f34d412f-88fb-4efd-ab50-bfaeaa037df8	String	jsonType.label
f459ffcb-0557-4697-a522-9e49e75743f2	true	introspection.token.claim
f459ffcb-0557-4697-a522-9e49e75743f2	true	userinfo.token.claim
f459ffcb-0557-4697-a522-9e49e75743f2	true	id.token.claim
f459ffcb-0557-4697-a522-9e49e75743f2	true	access.token.claim
f558af6b-f7d3-477f-b1c3-a99755160e5d	true	introspection.token.claim
f558af6b-f7d3-477f-b1c3-a99755160e5d	true	userinfo.token.claim
f558af6b-f7d3-477f-b1c3-a99755160e5d	nickname	user.attribute
f558af6b-f7d3-477f-b1c3-a99755160e5d	true	id.token.claim
f558af6b-f7d3-477f-b1c3-a99755160e5d	true	access.token.claim
f558af6b-f7d3-477f-b1c3-a99755160e5d	nickname	claim.name
f558af6b-f7d3-477f-b1c3-a99755160e5d	String	jsonType.label
596d1f98-48d2-44db-a38f-20a1567a5a39	true	introspection.token.claim
596d1f98-48d2-44db-a38f-20a1567a5a39	true	userinfo.token.claim
596d1f98-48d2-44db-a38f-20a1567a5a39	emailVerified	user.attribute
596d1f98-48d2-44db-a38f-20a1567a5a39	true	id.token.claim
596d1f98-48d2-44db-a38f-20a1567a5a39	true	access.token.claim
596d1f98-48d2-44db-a38f-20a1567a5a39	email_verified	claim.name
596d1f98-48d2-44db-a38f-20a1567a5a39	boolean	jsonType.label
6fa0e798-3824-4b94-9397-90ccfbf4adb2	true	introspection.token.claim
6fa0e798-3824-4b94-9397-90ccfbf4adb2	true	userinfo.token.claim
6fa0e798-3824-4b94-9397-90ccfbf4adb2	email	user.attribute
6fa0e798-3824-4b94-9397-90ccfbf4adb2	true	id.token.claim
6fa0e798-3824-4b94-9397-90ccfbf4adb2	true	access.token.claim
6fa0e798-3824-4b94-9397-90ccfbf4adb2	email	claim.name
6fa0e798-3824-4b94-9397-90ccfbf4adb2	String	jsonType.label
70d58965-3acc-42b0-a5f9-ecff014c1ddf	formatted	user.attribute.formatted
70d58965-3acc-42b0-a5f9-ecff014c1ddf	country	user.attribute.country
70d58965-3acc-42b0-a5f9-ecff014c1ddf	true	introspection.token.claim
70d58965-3acc-42b0-a5f9-ecff014c1ddf	postal_code	user.attribute.postal_code
70d58965-3acc-42b0-a5f9-ecff014c1ddf	true	userinfo.token.claim
70d58965-3acc-42b0-a5f9-ecff014c1ddf	street	user.attribute.street
70d58965-3acc-42b0-a5f9-ecff014c1ddf	true	id.token.claim
70d58965-3acc-42b0-a5f9-ecff014c1ddf	region	user.attribute.region
70d58965-3acc-42b0-a5f9-ecff014c1ddf	true	access.token.claim
70d58965-3acc-42b0-a5f9-ecff014c1ddf	locality	user.attribute.locality
a62ac25d-d1df-434d-9dce-4c81ae5255fb	true	introspection.token.claim
a62ac25d-d1df-434d-9dce-4c81ae5255fb	true	userinfo.token.claim
a62ac25d-d1df-434d-9dce-4c81ae5255fb	phoneNumberVerified	user.attribute
a62ac25d-d1df-434d-9dce-4c81ae5255fb	true	id.token.claim
a62ac25d-d1df-434d-9dce-4c81ae5255fb	true	access.token.claim
a62ac25d-d1df-434d-9dce-4c81ae5255fb	phone_number_verified	claim.name
a62ac25d-d1df-434d-9dce-4c81ae5255fb	boolean	jsonType.label
fdcf2784-c1ac-4a24-8cd1-f584e5acd971	true	introspection.token.claim
fdcf2784-c1ac-4a24-8cd1-f584e5acd971	true	userinfo.token.claim
fdcf2784-c1ac-4a24-8cd1-f584e5acd971	phoneNumber	user.attribute
fdcf2784-c1ac-4a24-8cd1-f584e5acd971	true	id.token.claim
fdcf2784-c1ac-4a24-8cd1-f584e5acd971	true	access.token.claim
fdcf2784-c1ac-4a24-8cd1-f584e5acd971	phone_number	claim.name
fdcf2784-c1ac-4a24-8cd1-f584e5acd971	String	jsonType.label
18adabc2-446c-4ff6-8108-9e96d11abbcb	true	introspection.token.claim
18adabc2-446c-4ff6-8108-9e96d11abbcb	true	multivalued
18adabc2-446c-4ff6-8108-9e96d11abbcb	foo	user.attribute
18adabc2-446c-4ff6-8108-9e96d11abbcb	true	access.token.claim
18adabc2-446c-4ff6-8108-9e96d11abbcb	realm_access.roles	claim.name
18adabc2-446c-4ff6-8108-9e96d11abbcb	String	jsonType.label
b0f76c4a-6e94-4754-9c16-3e6659d904a6	true	introspection.token.claim
b0f76c4a-6e94-4754-9c16-3e6659d904a6	true	multivalued
b0f76c4a-6e94-4754-9c16-3e6659d904a6	foo	user.attribute
b0f76c4a-6e94-4754-9c16-3e6659d904a6	true	access.token.claim
b0f76c4a-6e94-4754-9c16-3e6659d904a6	resource_access.${client_id}.roles	claim.name
b0f76c4a-6e94-4754-9c16-3e6659d904a6	String	jsonType.label
c1144e93-1270-4c0d-9551-da4c15384e5e	true	introspection.token.claim
c1144e93-1270-4c0d-9551-da4c15384e5e	true	access.token.claim
c4f36a62-3178-4597-9a2f-7f86909cd8fc	true	introspection.token.claim
c4f36a62-3178-4597-9a2f-7f86909cd8fc	true	access.token.claim
91714c5c-74d2-415d-8bcf-b97d6983a441	true	introspection.token.claim
91714c5c-74d2-415d-8bcf-b97d6983a441	true	userinfo.token.claim
91714c5c-74d2-415d-8bcf-b97d6983a441	username	user.attribute
91714c5c-74d2-415d-8bcf-b97d6983a441	true	id.token.claim
91714c5c-74d2-415d-8bcf-b97d6983a441	true	access.token.claim
91714c5c-74d2-415d-8bcf-b97d6983a441	upn	claim.name
91714c5c-74d2-415d-8bcf-b97d6983a441	String	jsonType.label
ec3afba6-94e6-487c-81d7-8af27e1ebdbb	true	introspection.token.claim
ec3afba6-94e6-487c-81d7-8af27e1ebdbb	true	multivalued
ec3afba6-94e6-487c-81d7-8af27e1ebdbb	foo	user.attribute
ec3afba6-94e6-487c-81d7-8af27e1ebdbb	true	id.token.claim
ec3afba6-94e6-487c-81d7-8af27e1ebdbb	true	access.token.claim
ec3afba6-94e6-487c-81d7-8af27e1ebdbb	groups	claim.name
ec3afba6-94e6-487c-81d7-8af27e1ebdbb	String	jsonType.label
6a941ec3-c429-42e1-bfee-ad61757274d5	true	introspection.token.claim
6a941ec3-c429-42e1-bfee-ad61757274d5	true	id.token.claim
6a941ec3-c429-42e1-bfee-ad61757274d5	true	access.token.claim
\.


--
-- Data for Name: realm; Type: TABLE DATA; Schema: keycloak; Owner: keycloak
--

COPY keycloak.realm (id, access_code_lifespan, user_action_lifespan, access_token_lifespan, account_theme, admin_theme, email_theme, enabled, events_enabled, events_expiration, login_theme, name, not_before, password_policy, registration_allowed, remember_me, reset_password_allowed, social, ssl_required, sso_idle_timeout, sso_max_lifespan, update_profile_on_soc_login, verify_email, master_admin_client, login_lifespan, internationalization_enabled, default_locale, reg_email_as_username, admin_events_enabled, admin_events_details_enabled, edit_username_allowed, otp_policy_counter, otp_policy_window, otp_policy_period, otp_policy_digits, otp_policy_alg, otp_policy_type, browser_flow, registration_flow, direct_grant_flow, reset_credentials_flow, client_auth_flow, offline_session_idle_timeout, revoke_refresh_token, access_token_life_implicit, login_with_email_allowed, duplicate_emails_allowed, docker_auth_flow, refresh_token_max_reuse, allow_user_managed_access, sso_max_lifespan_remember_me, sso_idle_timeout_remember_me, default_role) FROM stdin;
2e83e3ca-ea3c-48b1-b377-4ccadf701aaa	60	300	60	\N	\N	\N	t	f	0	\N	master	0	\N	f	f	f	f	EXTERNAL	1800	36000	f	f	f1d0809c-2dd2-4a84-8abe-07ca42a310d2	1800	f	\N	f	f	f	f	0	1	30	6	HmacSHA1	totp	ccb5c253-8975-45b7-a7c8-2842eb985254	6359f81f-ffdd-44f8-8b7b-1c994160edc7	0d7e5074-c5ef-4e31-b346-94617e3fe825	6bbc93fc-16d8-4f0c-95bc-174c959e899b	d3abda95-8770-4ab8-b655-a5b250ffa1f0	2592000	f	900	f	f	bf6390e1-5f9c-43be-9e22-a8702cf17b1d	0	f	0	0	53e1eb47-3aa2-4e4f-a42e-8168ae6180d2
\.


--
-- Data for Name: realm_attribute; Type: TABLE DATA; Schema: keycloak; Owner: keycloak
--

COPY keycloak.realm_attribute (name, realm_id, value) FROM stdin;
bruteForceProtected	2e83e3ca-ea3c-48b1-b377-4ccadf701aaa	false
permanentLockout	2e83e3ca-ea3c-48b1-b377-4ccadf701aaa	false
maxTemporaryLockouts	2e83e3ca-ea3c-48b1-b377-4ccadf701aaa	0
maxFailureWaitSeconds	2e83e3ca-ea3c-48b1-b377-4ccadf701aaa	900
minimumQuickLoginWaitSeconds	2e83e3ca-ea3c-48b1-b377-4ccadf701aaa	60
waitIncrementSeconds	2e83e3ca-ea3c-48b1-b377-4ccadf701aaa	60
quickLoginCheckMilliSeconds	2e83e3ca-ea3c-48b1-b377-4ccadf701aaa	1000
maxDeltaTimeSeconds	2e83e3ca-ea3c-48b1-b377-4ccadf701aaa	43200
failureFactor	2e83e3ca-ea3c-48b1-b377-4ccadf701aaa	30
realmReusableOtpCode	2e83e3ca-ea3c-48b1-b377-4ccadf701aaa	false
firstBrokerLoginFlowId	2e83e3ca-ea3c-48b1-b377-4ccadf701aaa	772c1650-6fd3-44a1-a5eb-1f62ee4bcb8f
defaultSignatureAlgorithm	2e83e3ca-ea3c-48b1-b377-4ccadf701aaa	RS256
offlineSessionMaxLifespanEnabled	2e83e3ca-ea3c-48b1-b377-4ccadf701aaa	false
offlineSessionMaxLifespan	2e83e3ca-ea3c-48b1-b377-4ccadf701aaa	5184000
frontendUrl	2e83e3ca-ea3c-48b1-b377-4ccadf701aaa	
acr.loa.map	2e83e3ca-ea3c-48b1-b377-4ccadf701aaa	{}
cibaBackchannelTokenDeliveryMode	2e83e3ca-ea3c-48b1-b377-4ccadf701aaa	poll
cibaExpiresIn	2e83e3ca-ea3c-48b1-b377-4ccadf701aaa	120
cibaAuthRequestedUserHint	2e83e3ca-ea3c-48b1-b377-4ccadf701aaa	login_hint
parRequestUriLifespan	2e83e3ca-ea3c-48b1-b377-4ccadf701aaa	60
cibaInterval	2e83e3ca-ea3c-48b1-b377-4ccadf701aaa	5
displayName	2e83e3ca-ea3c-48b1-b377-4ccadf701aaa	Administration
displayNameHtml	2e83e3ca-ea3c-48b1-b377-4ccadf701aaa	<div><span>Administration</span></div>
actionTokenGeneratedByAdminLifespan	2e83e3ca-ea3c-48b1-b377-4ccadf701aaa	43200
actionTokenGeneratedByUserLifespan	2e83e3ca-ea3c-48b1-b377-4ccadf701aaa	300
oauth2DeviceCodeLifespan	2e83e3ca-ea3c-48b1-b377-4ccadf701aaa	600
oauth2DevicePollingInterval	2e83e3ca-ea3c-48b1-b377-4ccadf701aaa	5
clientSessionIdleTimeout	2e83e3ca-ea3c-48b1-b377-4ccadf701aaa	0
clientSessionMaxLifespan	2e83e3ca-ea3c-48b1-b377-4ccadf701aaa	0
clientOfflineSessionIdleTimeout	2e83e3ca-ea3c-48b1-b377-4ccadf701aaa	0
clientOfflineSessionMaxLifespan	2e83e3ca-ea3c-48b1-b377-4ccadf701aaa	0
webAuthnPolicyRpEntityName	2e83e3ca-ea3c-48b1-b377-4ccadf701aaa	keycloak
webAuthnPolicySignatureAlgorithms	2e83e3ca-ea3c-48b1-b377-4ccadf701aaa	ES256
webAuthnPolicyRpId	2e83e3ca-ea3c-48b1-b377-4ccadf701aaa	
webAuthnPolicyAttestationConveyancePreference	2e83e3ca-ea3c-48b1-b377-4ccadf701aaa	not specified
webAuthnPolicyAuthenticatorAttachment	2e83e3ca-ea3c-48b1-b377-4ccadf701aaa	not specified
webAuthnPolicyRequireResidentKey	2e83e3ca-ea3c-48b1-b377-4ccadf701aaa	not specified
webAuthnPolicyUserVerificationRequirement	2e83e3ca-ea3c-48b1-b377-4ccadf701aaa	not specified
webAuthnPolicyCreateTimeout	2e83e3ca-ea3c-48b1-b377-4ccadf701aaa	0
webAuthnPolicyAvoidSameAuthenticatorRegister	2e83e3ca-ea3c-48b1-b377-4ccadf701aaa	false
webAuthnPolicyRpEntityNamePasswordless	2e83e3ca-ea3c-48b1-b377-4ccadf701aaa	keycloak
webAuthnPolicySignatureAlgorithmsPasswordless	2e83e3ca-ea3c-48b1-b377-4ccadf701aaa	ES256
webAuthnPolicyRpIdPasswordless	2e83e3ca-ea3c-48b1-b377-4ccadf701aaa	
webAuthnPolicyAttestationConveyancePreferencePasswordless	2e83e3ca-ea3c-48b1-b377-4ccadf701aaa	not specified
webAuthnPolicyAuthenticatorAttachmentPasswordless	2e83e3ca-ea3c-48b1-b377-4ccadf701aaa	not specified
webAuthnPolicyRequireResidentKeyPasswordless	2e83e3ca-ea3c-48b1-b377-4ccadf701aaa	not specified
webAuthnPolicyUserVerificationRequirementPasswordless	2e83e3ca-ea3c-48b1-b377-4ccadf701aaa	not specified
webAuthnPolicyCreateTimeoutPasswordless	2e83e3ca-ea3c-48b1-b377-4ccadf701aaa	0
webAuthnPolicyAvoidSameAuthenticatorRegisterPasswordless	2e83e3ca-ea3c-48b1-b377-4ccadf701aaa	false
client-policies.profiles	2e83e3ca-ea3c-48b1-b377-4ccadf701aaa	{"profiles":[]}
client-policies.policies	2e83e3ca-ea3c-48b1-b377-4ccadf701aaa	{"policies":[]}
_browser_header.contentSecurityPolicyReportOnly	2e83e3ca-ea3c-48b1-b377-4ccadf701aaa	
_browser_header.xContentTypeOptions	2e83e3ca-ea3c-48b1-b377-4ccadf701aaa	nosniff
_browser_header.referrerPolicy	2e83e3ca-ea3c-48b1-b377-4ccadf701aaa	no-referrer
_browser_header.xRobotsTag	2e83e3ca-ea3c-48b1-b377-4ccadf701aaa	none
_browser_header.xFrameOptions	2e83e3ca-ea3c-48b1-b377-4ccadf701aaa	SAMEORIGIN
_browser_header.contentSecurityPolicy	2e83e3ca-ea3c-48b1-b377-4ccadf701aaa	frame-src 'self'; frame-ancestors 'self'; object-src 'none';
_browser_header.xXSSProtection	2e83e3ca-ea3c-48b1-b377-4ccadf701aaa	1; mode=block
_browser_header.strictTransportSecurity	2e83e3ca-ea3c-48b1-b377-4ccadf701aaa	max-age=31536000; includeSubDomains
\.


--
-- Data for Name: realm_default_groups; Type: TABLE DATA; Schema: keycloak; Owner: keycloak
--

COPY keycloak.realm_default_groups (realm_id, group_id) FROM stdin;
\.


--
-- Data for Name: realm_enabled_event_types; Type: TABLE DATA; Schema: keycloak; Owner: keycloak
--

COPY keycloak.realm_enabled_event_types (realm_id, value) FROM stdin;
\.


--
-- Data for Name: realm_events_listeners; Type: TABLE DATA; Schema: keycloak; Owner: keycloak
--

COPY keycloak.realm_events_listeners (realm_id, value) FROM stdin;
2e83e3ca-ea3c-48b1-b377-4ccadf701aaa	jboss-logging
\.


--
-- Data for Name: realm_localizations; Type: TABLE DATA; Schema: keycloak; Owner: keycloak
--

COPY keycloak.realm_localizations (realm_id, locale, texts) FROM stdin;
\.


--
-- Data for Name: realm_required_credential; Type: TABLE DATA; Schema: keycloak; Owner: keycloak
--

COPY keycloak.realm_required_credential (type, form_label, input, secret, realm_id) FROM stdin;
password	password	t	t	2e83e3ca-ea3c-48b1-b377-4ccadf701aaa
\.


--
-- Data for Name: realm_smtp_config; Type: TABLE DATA; Schema: keycloak; Owner: keycloak
--

COPY keycloak.realm_smtp_config (realm_id, value, name) FROM stdin;
2e83e3ca-ea3c-48b1-b377-4ccadf701aaa		replyToDisplayName
2e83e3ca-ea3c-48b1-b377-4ccadf701aaa	false	starttls
2e83e3ca-ea3c-48b1-b377-4ccadf701aaa		auth
2e83e3ca-ea3c-48b1-b377-4ccadf701aaa	1025	port
2e83e3ca-ea3c-48b1-b377-4ccadf701aaa	mailpit	host
2e83e3ca-ea3c-48b1-b377-4ccadf701aaa		replyTo
2e83e3ca-ea3c-48b1-b377-4ccadf701aaa	noreply@teamagochi.local	from
2e83e3ca-ea3c-48b1-b377-4ccadf701aaa		fromDisplayName
2e83e3ca-ea3c-48b1-b377-4ccadf701aaa		envelopeFrom
2e83e3ca-ea3c-48b1-b377-4ccadf701aaa	false	ssl
\.


--
-- Data for Name: realm_supported_locales; Type: TABLE DATA; Schema: keycloak; Owner: keycloak
--

COPY keycloak.realm_supported_locales (realm_id, value) FROM stdin;
\.


--
-- Data for Name: redirect_uris; Type: TABLE DATA; Schema: keycloak; Owner: keycloak
--

COPY keycloak.redirect_uris (client_id, value) FROM stdin;
ac0c6265-30ff-4de6-b729-69d4e1ccb87c	/realms/master/account/*
bb71e398-1eee-4d26-bb3c-cff95ee0293b	/realms/master/account/*
22de374b-29ac-414a-989a-c0bffb2f6fed	/admin/master/console/*
\.


--
-- Data for Name: required_action_config; Type: TABLE DATA; Schema: keycloak; Owner: keycloak
--

COPY keycloak.required_action_config (required_action_id, value, name) FROM stdin;
\.


--
-- Data for Name: required_action_provider; Type: TABLE DATA; Schema: keycloak; Owner: keycloak
--

COPY keycloak.required_action_provider (id, alias, name, realm_id, enabled, default_action, provider_id, priority) FROM stdin;
c5f990cf-b83b-4217-b0ad-16c46c9c018d	VERIFY_EMAIL	Verify Email	2e83e3ca-ea3c-48b1-b377-4ccadf701aaa	t	f	VERIFY_EMAIL	50
07ed23bc-4a6b-4ce5-881a-7e68e824fa74	UPDATE_PROFILE	Update Profile	2e83e3ca-ea3c-48b1-b377-4ccadf701aaa	t	f	UPDATE_PROFILE	40
29a52f8e-9d5e-4cef-83bf-f521f3a6a989	CONFIGURE_TOTP	Configure OTP	2e83e3ca-ea3c-48b1-b377-4ccadf701aaa	t	f	CONFIGURE_TOTP	10
2b0d6837-6781-4ee1-b577-a3bd895fce67	UPDATE_PASSWORD	Update Password	2e83e3ca-ea3c-48b1-b377-4ccadf701aaa	t	f	UPDATE_PASSWORD	30
4868d187-df70-4cd4-90f4-60ed568ec62a	TERMS_AND_CONDITIONS	Terms and Conditions	2e83e3ca-ea3c-48b1-b377-4ccadf701aaa	f	f	TERMS_AND_CONDITIONS	20
7a69bdd6-054b-4a70-bd27-30236d8c3d76	delete_account	Delete Account	2e83e3ca-ea3c-48b1-b377-4ccadf701aaa	f	f	delete_account	60
5cdc8d53-c50d-486c-81d4-61662b462e05	delete_credential	Delete Credential	2e83e3ca-ea3c-48b1-b377-4ccadf701aaa	t	f	delete_credential	100
45df8870-b781-4f4b-a0a4-ad26ce908dcd	update_user_locale	Update User Locale	2e83e3ca-ea3c-48b1-b377-4ccadf701aaa	t	f	update_user_locale	1000
b3846452-92e9-490a-b6fd-e37e34165772	webauthn-register	Webauthn Register	2e83e3ca-ea3c-48b1-b377-4ccadf701aaa	t	f	webauthn-register	70
892b5e7c-1107-4ef5-9e2c-27c07ae074e5	webauthn-register-passwordless	Webauthn Register Passwordless	2e83e3ca-ea3c-48b1-b377-4ccadf701aaa	t	f	webauthn-register-passwordless	80
87a8a99f-238c-43b6-b467-ce6eb3a9c541	VERIFY_PROFILE	Verify Profile	2e83e3ca-ea3c-48b1-b377-4ccadf701aaa	t	f	VERIFY_PROFILE	90
\.


--
-- Data for Name: resource_attribute; Type: TABLE DATA; Schema: keycloak; Owner: keycloak
--

COPY keycloak.resource_attribute (id, name, value, resource_id) FROM stdin;
\.


--
-- Data for Name: resource_policy; Type: TABLE DATA; Schema: keycloak; Owner: keycloak
--

COPY keycloak.resource_policy (resource_id, policy_id) FROM stdin;
\.


--
-- Data for Name: resource_scope; Type: TABLE DATA; Schema: keycloak; Owner: keycloak
--

COPY keycloak.resource_scope (resource_id, scope_id) FROM stdin;
\.


--
-- Data for Name: resource_server; Type: TABLE DATA; Schema: keycloak; Owner: keycloak
--

COPY keycloak.resource_server (id, allow_rs_remote_mgmt, policy_enforce_mode, decision_strategy) FROM stdin;
\.


--
-- Data for Name: resource_server_perm_ticket; Type: TABLE DATA; Schema: keycloak; Owner: keycloak
--

COPY keycloak.resource_server_perm_ticket (id, owner, requester, created_timestamp, granted_timestamp, resource_id, scope_id, resource_server_id, policy_id) FROM stdin;
\.


--
-- Data for Name: resource_server_policy; Type: TABLE DATA; Schema: keycloak; Owner: keycloak
--

COPY keycloak.resource_server_policy (id, name, description, type, decision_strategy, logic, resource_server_id, owner) FROM stdin;
\.


--
-- Data for Name: resource_server_resource; Type: TABLE DATA; Schema: keycloak; Owner: keycloak
--

COPY keycloak.resource_server_resource (id, name, type, icon_uri, owner, resource_server_id, owner_managed_access, display_name) FROM stdin;
\.


--
-- Data for Name: resource_server_scope; Type: TABLE DATA; Schema: keycloak; Owner: keycloak
--

COPY keycloak.resource_server_scope (id, name, icon_uri, resource_server_id, display_name) FROM stdin;
\.


--
-- Data for Name: resource_uris; Type: TABLE DATA; Schema: keycloak; Owner: keycloak
--

COPY keycloak.resource_uris (resource_id, value) FROM stdin;
\.


--
-- Data for Name: role_attribute; Type: TABLE DATA; Schema: keycloak; Owner: keycloak
--

COPY keycloak.role_attribute (id, role_id, name, value) FROM stdin;
\.


--
-- Data for Name: scope_mapping; Type: TABLE DATA; Schema: keycloak; Owner: keycloak
--

COPY keycloak.scope_mapping (client_id, role_id) FROM stdin;
bb71e398-1eee-4d26-bb3c-cff95ee0293b	304aa178-5be0-4047-a05a-cc50305dfeb4
bb71e398-1eee-4d26-bb3c-cff95ee0293b	62da3666-3f87-43fd-b5e9-7c6fc2ea0ab8
\.


--
-- Data for Name: scope_policy; Type: TABLE DATA; Schema: keycloak; Owner: keycloak
--

COPY keycloak.scope_policy (scope_id, policy_id) FROM stdin;
\.


--
-- Data for Name: user_attribute; Type: TABLE DATA; Schema: keycloak; Owner: keycloak
--

COPY keycloak.user_attribute (name, value, user_id, id, long_value_hash, long_value_hash_lower_case, long_value) FROM stdin;
\.


--
-- Data for Name: user_consent; Type: TABLE DATA; Schema: keycloak; Owner: keycloak
--

COPY keycloak.user_consent (id, client_id, user_id, created_date, last_updated_date, client_storage_provider, external_client_id) FROM stdin;
\.


--
-- Data for Name: user_consent_client_scope; Type: TABLE DATA; Schema: keycloak; Owner: keycloak
--

COPY keycloak.user_consent_client_scope (user_consent_id, scope_id) FROM stdin;
\.


--
-- Data for Name: user_entity; Type: TABLE DATA; Schema: keycloak; Owner: keycloak
--

COPY keycloak.user_entity (id, email, email_constraint, email_verified, enabled, federation_link, first_name, last_name, realm_id, username, created_timestamp, service_account_client_link, not_before) FROM stdin;
84eab66c-984e-4176-85c8-c031bbb63313	kcadmin@teamagochi.local	kcadmin@teamagochi.local	t	t	\N	\N	\N	2e83e3ca-ea3c-48b1-b377-4ccadf701aaa	kcadmin	1714657171611	\N	0
\.


--
-- Data for Name: user_federation_config; Type: TABLE DATA; Schema: keycloak; Owner: keycloak
--

COPY keycloak.user_federation_config (user_federation_provider_id, value, name) FROM stdin;
\.


--
-- Data for Name: user_federation_mapper; Type: TABLE DATA; Schema: keycloak; Owner: keycloak
--

COPY keycloak.user_federation_mapper (id, name, federation_provider_id, federation_mapper_type, realm_id) FROM stdin;
\.


--
-- Data for Name: user_federation_mapper_config; Type: TABLE DATA; Schema: keycloak; Owner: keycloak
--

COPY keycloak.user_federation_mapper_config (user_federation_mapper_id, value, name) FROM stdin;
\.


--
-- Data for Name: user_federation_provider; Type: TABLE DATA; Schema: keycloak; Owner: keycloak
--

COPY keycloak.user_federation_provider (id, changed_sync_period, display_name, full_sync_period, last_sync, priority, provider_name, realm_id) FROM stdin;
\.


--
-- Data for Name: user_group_membership; Type: TABLE DATA; Schema: keycloak; Owner: keycloak
--

COPY keycloak.user_group_membership (group_id, user_id) FROM stdin;
\.


--
-- Data for Name: user_required_action; Type: TABLE DATA; Schema: keycloak; Owner: keycloak
--

COPY keycloak.user_required_action (user_id, required_action) FROM stdin;
\.


--
-- Data for Name: user_role_mapping; Type: TABLE DATA; Schema: keycloak; Owner: keycloak
--

COPY keycloak.user_role_mapping (role_id, user_id) FROM stdin;
53e1eb47-3aa2-4e4f-a42e-8168ae6180d2	84eab66c-984e-4176-85c8-c031bbb63313
dd7d745e-f768-41f2-a307-369d3a959e71	84eab66c-984e-4176-85c8-c031bbb63313
\.


--
-- Data for Name: user_session; Type: TABLE DATA; Schema: keycloak; Owner: keycloak
--

COPY keycloak.user_session (id, auth_method, ip_address, last_session_refresh, login_username, realm_id, remember_me, started, user_id, user_session_state, broker_session_id, broker_user_id) FROM stdin;
\.


--
-- Data for Name: user_session_note; Type: TABLE DATA; Schema: keycloak; Owner: keycloak
--

COPY keycloak.user_session_note (user_session, name, value) FROM stdin;
\.


--
-- Data for Name: username_login_failure; Type: TABLE DATA; Schema: keycloak; Owner: keycloak
--

COPY keycloak.username_login_failure (realm_id, username, failed_login_not_before, last_failure, last_ip_failure, num_failures) FROM stdin;
\.


--
-- Data for Name: web_origins; Type: TABLE DATA; Schema: keycloak; Owner: keycloak
--

COPY keycloak.web_origins (client_id, value) FROM stdin;
22de374b-29ac-414a-989a-c0bffb2f6fed	+
\.


--
-- Name: username_login_failure CONSTRAINT_17-2; Type: CONSTRAINT; Schema: keycloak; Owner: keycloak
--

ALTER TABLE ONLY keycloak.username_login_failure
    ADD CONSTRAINT "CONSTRAINT_17-2" PRIMARY KEY (realm_id, username);


--
-- Name: keycloak_role UK_J3RWUVD56ONTGSUHOGM184WW2-2; Type: CONSTRAINT; Schema: keycloak; Owner: keycloak
--

ALTER TABLE ONLY keycloak.keycloak_role
    ADD CONSTRAINT "UK_J3RWUVD56ONTGSUHOGM184WW2-2" UNIQUE (name, client_realm_constraint);


--
-- Name: client_auth_flow_bindings c_cli_flow_bind; Type: CONSTRAINT; Schema: keycloak; Owner: keycloak
--

ALTER TABLE ONLY keycloak.client_auth_flow_bindings
    ADD CONSTRAINT c_cli_flow_bind PRIMARY KEY (client_id, binding_name);


--
-- Name: client_scope_client c_cli_scope_bind; Type: CONSTRAINT; Schema: keycloak; Owner: keycloak
--

ALTER TABLE ONLY keycloak.client_scope_client
    ADD CONSTRAINT c_cli_scope_bind PRIMARY KEY (client_id, scope_id);


--
-- Name: client_initial_access cnstr_client_init_acc_pk; Type: CONSTRAINT; Schema: keycloak; Owner: keycloak
--

ALTER TABLE ONLY keycloak.client_initial_access
    ADD CONSTRAINT cnstr_client_init_acc_pk PRIMARY KEY (id);


--
-- Name: realm_default_groups con_group_id_def_groups; Type: CONSTRAINT; Schema: keycloak; Owner: keycloak
--

ALTER TABLE ONLY keycloak.realm_default_groups
    ADD CONSTRAINT con_group_id_def_groups UNIQUE (group_id);


--
-- Name: broker_link constr_broker_link_pk; Type: CONSTRAINT; Schema: keycloak; Owner: keycloak
--

ALTER TABLE ONLY keycloak.broker_link
    ADD CONSTRAINT constr_broker_link_pk PRIMARY KEY (identity_provider, user_id);


--
-- Name: client_user_session_note constr_cl_usr_ses_note; Type: CONSTRAINT; Schema: keycloak; Owner: keycloak
--

ALTER TABLE ONLY keycloak.client_user_session_note
    ADD CONSTRAINT constr_cl_usr_ses_note PRIMARY KEY (client_session, name);


--
-- Name: component_config constr_component_config_pk; Type: CONSTRAINT; Schema: keycloak; Owner: keycloak
--

ALTER TABLE ONLY keycloak.component_config
    ADD CONSTRAINT constr_component_config_pk PRIMARY KEY (id);


--
-- Name: component constr_component_pk; Type: CONSTRAINT; Schema: keycloak; Owner: keycloak
--

ALTER TABLE ONLY keycloak.component
    ADD CONSTRAINT constr_component_pk PRIMARY KEY (id);


--
-- Name: fed_user_required_action constr_fed_required_action; Type: CONSTRAINT; Schema: keycloak; Owner: keycloak
--

ALTER TABLE ONLY keycloak.fed_user_required_action
    ADD CONSTRAINT constr_fed_required_action PRIMARY KEY (required_action, user_id);


--
-- Name: fed_user_attribute constr_fed_user_attr_pk; Type: CONSTRAINT; Schema: keycloak; Owner: keycloak
--

ALTER TABLE ONLY keycloak.fed_user_attribute
    ADD CONSTRAINT constr_fed_user_attr_pk PRIMARY KEY (id);


--
-- Name: fed_user_consent constr_fed_user_consent_pk; Type: CONSTRAINT; Schema: keycloak; Owner: keycloak
--

ALTER TABLE ONLY keycloak.fed_user_consent
    ADD CONSTRAINT constr_fed_user_consent_pk PRIMARY KEY (id);


--
-- Name: fed_user_credential constr_fed_user_cred_pk; Type: CONSTRAINT; Schema: keycloak; Owner: keycloak
--

ALTER TABLE ONLY keycloak.fed_user_credential
    ADD CONSTRAINT constr_fed_user_cred_pk PRIMARY KEY (id);


--
-- Name: fed_user_group_membership constr_fed_user_group; Type: CONSTRAINT; Schema: keycloak; Owner: keycloak
--

ALTER TABLE ONLY keycloak.fed_user_group_membership
    ADD CONSTRAINT constr_fed_user_group PRIMARY KEY (group_id, user_id);


--
-- Name: fed_user_role_mapping constr_fed_user_role; Type: CONSTRAINT; Schema: keycloak; Owner: keycloak
--

ALTER TABLE ONLY keycloak.fed_user_role_mapping
    ADD CONSTRAINT constr_fed_user_role PRIMARY KEY (role_id, user_id);


--
-- Name: federated_user constr_federated_user; Type: CONSTRAINT; Schema: keycloak; Owner: keycloak
--

ALTER TABLE ONLY keycloak.federated_user
    ADD CONSTRAINT constr_federated_user PRIMARY KEY (id);


--
-- Name: realm_default_groups constr_realm_default_groups; Type: CONSTRAINT; Schema: keycloak; Owner: keycloak
--

ALTER TABLE ONLY keycloak.realm_default_groups
    ADD CONSTRAINT constr_realm_default_groups PRIMARY KEY (realm_id, group_id);


--
-- Name: realm_enabled_event_types constr_realm_enabl_event_types; Type: CONSTRAINT; Schema: keycloak; Owner: keycloak
--

ALTER TABLE ONLY keycloak.realm_enabled_event_types
    ADD CONSTRAINT constr_realm_enabl_event_types PRIMARY KEY (realm_id, value);


--
-- Name: realm_events_listeners constr_realm_events_listeners; Type: CONSTRAINT; Schema: keycloak; Owner: keycloak
--

ALTER TABLE ONLY keycloak.realm_events_listeners
    ADD CONSTRAINT constr_realm_events_listeners PRIMARY KEY (realm_id, value);


--
-- Name: realm_supported_locales constr_realm_supported_locales; Type: CONSTRAINT; Schema: keycloak; Owner: keycloak
--

ALTER TABLE ONLY keycloak.realm_supported_locales
    ADD CONSTRAINT constr_realm_supported_locales PRIMARY KEY (realm_id, value);


--
-- Name: identity_provider constraint_2b; Type: CONSTRAINT; Schema: keycloak; Owner: keycloak
--

ALTER TABLE ONLY keycloak.identity_provider
    ADD CONSTRAINT constraint_2b PRIMARY KEY (internal_id);


--
-- Name: client_attributes constraint_3c; Type: CONSTRAINT; Schema: keycloak; Owner: keycloak
--

ALTER TABLE ONLY keycloak.client_attributes
    ADD CONSTRAINT constraint_3c PRIMARY KEY (client_id, name);


--
-- Name: event_entity constraint_4; Type: CONSTRAINT; Schema: keycloak; Owner: keycloak
--

ALTER TABLE ONLY keycloak.event_entity
    ADD CONSTRAINT constraint_4 PRIMARY KEY (id);


--
-- Name: federated_identity constraint_40; Type: CONSTRAINT; Schema: keycloak; Owner: keycloak
--

ALTER TABLE ONLY keycloak.federated_identity
    ADD CONSTRAINT constraint_40 PRIMARY KEY (identity_provider, user_id);


--
-- Name: realm constraint_4a; Type: CONSTRAINT; Schema: keycloak; Owner: keycloak
--

ALTER TABLE ONLY keycloak.realm
    ADD CONSTRAINT constraint_4a PRIMARY KEY (id);


--
-- Name: client_session_role constraint_5; Type: CONSTRAINT; Schema: keycloak; Owner: keycloak
--

ALTER TABLE ONLY keycloak.client_session_role
    ADD CONSTRAINT constraint_5 PRIMARY KEY (client_session, role_id);


--
-- Name: user_session constraint_57; Type: CONSTRAINT; Schema: keycloak; Owner: keycloak
--

ALTER TABLE ONLY keycloak.user_session
    ADD CONSTRAINT constraint_57 PRIMARY KEY (id);


--
-- Name: user_federation_provider constraint_5c; Type: CONSTRAINT; Schema: keycloak; Owner: keycloak
--

ALTER TABLE ONLY keycloak.user_federation_provider
    ADD CONSTRAINT constraint_5c PRIMARY KEY (id);


--
-- Name: client_session_note constraint_5e; Type: CONSTRAINT; Schema: keycloak; Owner: keycloak
--

ALTER TABLE ONLY keycloak.client_session_note
    ADD CONSTRAINT constraint_5e PRIMARY KEY (client_session, name);


--
-- Name: client constraint_7; Type: CONSTRAINT; Schema: keycloak; Owner: keycloak
--

ALTER TABLE ONLY keycloak.client
    ADD CONSTRAINT constraint_7 PRIMARY KEY (id);


--
-- Name: client_session constraint_8; Type: CONSTRAINT; Schema: keycloak; Owner: keycloak
--

ALTER TABLE ONLY keycloak.client_session
    ADD CONSTRAINT constraint_8 PRIMARY KEY (id);


--
-- Name: scope_mapping constraint_81; Type: CONSTRAINT; Schema: keycloak; Owner: keycloak
--

ALTER TABLE ONLY keycloak.scope_mapping
    ADD CONSTRAINT constraint_81 PRIMARY KEY (client_id, role_id);


--
-- Name: client_node_registrations constraint_84; Type: CONSTRAINT; Schema: keycloak; Owner: keycloak
--

ALTER TABLE ONLY keycloak.client_node_registrations
    ADD CONSTRAINT constraint_84 PRIMARY KEY (client_id, name);


--
-- Name: realm_attribute constraint_9; Type: CONSTRAINT; Schema: keycloak; Owner: keycloak
--

ALTER TABLE ONLY keycloak.realm_attribute
    ADD CONSTRAINT constraint_9 PRIMARY KEY (name, realm_id);


--
-- Name: realm_required_credential constraint_92; Type: CONSTRAINT; Schema: keycloak; Owner: keycloak
--

ALTER TABLE ONLY keycloak.realm_required_credential
    ADD CONSTRAINT constraint_92 PRIMARY KEY (realm_id, type);


--
-- Name: keycloak_role constraint_a; Type: CONSTRAINT; Schema: keycloak; Owner: keycloak
--

ALTER TABLE ONLY keycloak.keycloak_role
    ADD CONSTRAINT constraint_a PRIMARY KEY (id);


--
-- Name: admin_event_entity constraint_admin_event_entity; Type: CONSTRAINT; Schema: keycloak; Owner: keycloak
--

ALTER TABLE ONLY keycloak.admin_event_entity
    ADD CONSTRAINT constraint_admin_event_entity PRIMARY KEY (id);


--
-- Name: authenticator_config_entry constraint_auth_cfg_pk; Type: CONSTRAINT; Schema: keycloak; Owner: keycloak
--

ALTER TABLE ONLY keycloak.authenticator_config_entry
    ADD CONSTRAINT constraint_auth_cfg_pk PRIMARY KEY (authenticator_id, name);


--
-- Name: authentication_execution constraint_auth_exec_pk; Type: CONSTRAINT; Schema: keycloak; Owner: keycloak
--

ALTER TABLE ONLY keycloak.authentication_execution
    ADD CONSTRAINT constraint_auth_exec_pk PRIMARY KEY (id);


--
-- Name: authentication_flow constraint_auth_flow_pk; Type: CONSTRAINT; Schema: keycloak; Owner: keycloak
--

ALTER TABLE ONLY keycloak.authentication_flow
    ADD CONSTRAINT constraint_auth_flow_pk PRIMARY KEY (id);


--
-- Name: authenticator_config constraint_auth_pk; Type: CONSTRAINT; Schema: keycloak; Owner: keycloak
--

ALTER TABLE ONLY keycloak.authenticator_config
    ADD CONSTRAINT constraint_auth_pk PRIMARY KEY (id);


--
-- Name: client_session_auth_status constraint_auth_status_pk; Type: CONSTRAINT; Schema: keycloak; Owner: keycloak
--

ALTER TABLE ONLY keycloak.client_session_auth_status
    ADD CONSTRAINT constraint_auth_status_pk PRIMARY KEY (client_session, authenticator);


--
-- Name: user_role_mapping constraint_c; Type: CONSTRAINT; Schema: keycloak; Owner: keycloak
--

ALTER TABLE ONLY keycloak.user_role_mapping
    ADD CONSTRAINT constraint_c PRIMARY KEY (role_id, user_id);


--
-- Name: composite_role constraint_composite_role; Type: CONSTRAINT; Schema: keycloak; Owner: keycloak
--

ALTER TABLE ONLY keycloak.composite_role
    ADD CONSTRAINT constraint_composite_role PRIMARY KEY (composite, child_role);


--
-- Name: client_session_prot_mapper constraint_cs_pmp_pk; Type: CONSTRAINT; Schema: keycloak; Owner: keycloak
--

ALTER TABLE ONLY keycloak.client_session_prot_mapper
    ADD CONSTRAINT constraint_cs_pmp_pk PRIMARY KEY (client_session, protocol_mapper_id);


--
-- Name: identity_provider_config constraint_d; Type: CONSTRAINT; Schema: keycloak; Owner: keycloak
--

ALTER TABLE ONLY keycloak.identity_provider_config
    ADD CONSTRAINT constraint_d PRIMARY KEY (identity_provider_id, name);


--
-- Name: policy_config constraint_dpc; Type: CONSTRAINT; Schema: keycloak; Owner: keycloak
--

ALTER TABLE ONLY keycloak.policy_config
    ADD CONSTRAINT constraint_dpc PRIMARY KEY (policy_id, name);


--
-- Name: realm_smtp_config constraint_e; Type: CONSTRAINT; Schema: keycloak; Owner: keycloak
--

ALTER TABLE ONLY keycloak.realm_smtp_config
    ADD CONSTRAINT constraint_e PRIMARY KEY (realm_id, name);


--
-- Name: credential constraint_f; Type: CONSTRAINT; Schema: keycloak; Owner: keycloak
--

ALTER TABLE ONLY keycloak.credential
    ADD CONSTRAINT constraint_f PRIMARY KEY (id);


--
-- Name: user_federation_config constraint_f9; Type: CONSTRAINT; Schema: keycloak; Owner: keycloak
--

ALTER TABLE ONLY keycloak.user_federation_config
    ADD CONSTRAINT constraint_f9 PRIMARY KEY (user_federation_provider_id, name);


--
-- Name: resource_server_perm_ticket constraint_fapmt; Type: CONSTRAINT; Schema: keycloak; Owner: keycloak
--

ALTER TABLE ONLY keycloak.resource_server_perm_ticket
    ADD CONSTRAINT constraint_fapmt PRIMARY KEY (id);


--
-- Name: resource_server_resource constraint_farsr; Type: CONSTRAINT; Schema: keycloak; Owner: keycloak
--

ALTER TABLE ONLY keycloak.resource_server_resource
    ADD CONSTRAINT constraint_farsr PRIMARY KEY (id);


--
-- Name: resource_server_policy constraint_farsrp; Type: CONSTRAINT; Schema: keycloak; Owner: keycloak
--

ALTER TABLE ONLY keycloak.resource_server_policy
    ADD CONSTRAINT constraint_farsrp PRIMARY KEY (id);


--
-- Name: associated_policy constraint_farsrpap; Type: CONSTRAINT; Schema: keycloak; Owner: keycloak
--

ALTER TABLE ONLY keycloak.associated_policy
    ADD CONSTRAINT constraint_farsrpap PRIMARY KEY (policy_id, associated_policy_id);


--
-- Name: resource_policy constraint_farsrpp; Type: CONSTRAINT; Schema: keycloak; Owner: keycloak
--

ALTER TABLE ONLY keycloak.resource_policy
    ADD CONSTRAINT constraint_farsrpp PRIMARY KEY (resource_id, policy_id);


--
-- Name: resource_server_scope constraint_farsrs; Type: CONSTRAINT; Schema: keycloak; Owner: keycloak
--

ALTER TABLE ONLY keycloak.resource_server_scope
    ADD CONSTRAINT constraint_farsrs PRIMARY KEY (id);


--
-- Name: resource_scope constraint_farsrsp; Type: CONSTRAINT; Schema: keycloak; Owner: keycloak
--

ALTER TABLE ONLY keycloak.resource_scope
    ADD CONSTRAINT constraint_farsrsp PRIMARY KEY (resource_id, scope_id);


--
-- Name: scope_policy constraint_farsrsps; Type: CONSTRAINT; Schema: keycloak; Owner: keycloak
--

ALTER TABLE ONLY keycloak.scope_policy
    ADD CONSTRAINT constraint_farsrsps PRIMARY KEY (scope_id, policy_id);


--
-- Name: user_entity constraint_fb; Type: CONSTRAINT; Schema: keycloak; Owner: keycloak
--

ALTER TABLE ONLY keycloak.user_entity
    ADD CONSTRAINT constraint_fb PRIMARY KEY (id);


--
-- Name: user_federation_mapper_config constraint_fedmapper_cfg_pm; Type: CONSTRAINT; Schema: keycloak; Owner: keycloak
--

ALTER TABLE ONLY keycloak.user_federation_mapper_config
    ADD CONSTRAINT constraint_fedmapper_cfg_pm PRIMARY KEY (user_federation_mapper_id, name);


--
-- Name: user_federation_mapper constraint_fedmapperpm; Type: CONSTRAINT; Schema: keycloak; Owner: keycloak
--

ALTER TABLE ONLY keycloak.user_federation_mapper
    ADD CONSTRAINT constraint_fedmapperpm PRIMARY KEY (id);


--
-- Name: fed_user_consent_cl_scope constraint_fgrntcsnt_clsc_pm; Type: CONSTRAINT; Schema: keycloak; Owner: keycloak
--

ALTER TABLE ONLY keycloak.fed_user_consent_cl_scope
    ADD CONSTRAINT constraint_fgrntcsnt_clsc_pm PRIMARY KEY (user_consent_id, scope_id);


--
-- Name: user_consent_client_scope constraint_grntcsnt_clsc_pm; Type: CONSTRAINT; Schema: keycloak; Owner: keycloak
--

ALTER TABLE ONLY keycloak.user_consent_client_scope
    ADD CONSTRAINT constraint_grntcsnt_clsc_pm PRIMARY KEY (user_consent_id, scope_id);


--
-- Name: user_consent constraint_grntcsnt_pm; Type: CONSTRAINT; Schema: keycloak; Owner: keycloak
--

ALTER TABLE ONLY keycloak.user_consent
    ADD CONSTRAINT constraint_grntcsnt_pm PRIMARY KEY (id);


--
-- Name: keycloak_group constraint_group; Type: CONSTRAINT; Schema: keycloak; Owner: keycloak
--

ALTER TABLE ONLY keycloak.keycloak_group
    ADD CONSTRAINT constraint_group PRIMARY KEY (id);


--
-- Name: group_attribute constraint_group_attribute_pk; Type: CONSTRAINT; Schema: keycloak; Owner: keycloak
--

ALTER TABLE ONLY keycloak.group_attribute
    ADD CONSTRAINT constraint_group_attribute_pk PRIMARY KEY (id);


--
-- Name: group_role_mapping constraint_group_role; Type: CONSTRAINT; Schema: keycloak; Owner: keycloak
--

ALTER TABLE ONLY keycloak.group_role_mapping
    ADD CONSTRAINT constraint_group_role PRIMARY KEY (role_id, group_id);


--
-- Name: identity_provider_mapper constraint_idpm; Type: CONSTRAINT; Schema: keycloak; Owner: keycloak
--

ALTER TABLE ONLY keycloak.identity_provider_mapper
    ADD CONSTRAINT constraint_idpm PRIMARY KEY (id);


--
-- Name: idp_mapper_config constraint_idpmconfig; Type: CONSTRAINT; Schema: keycloak; Owner: keycloak
--

ALTER TABLE ONLY keycloak.idp_mapper_config
    ADD CONSTRAINT constraint_idpmconfig PRIMARY KEY (idp_mapper_id, name);


--
-- Name: migration_model constraint_migmod; Type: CONSTRAINT; Schema: keycloak; Owner: keycloak
--

ALTER TABLE ONLY keycloak.migration_model
    ADD CONSTRAINT constraint_migmod PRIMARY KEY (id);


--
-- Name: offline_client_session constraint_offl_cl_ses_pk3; Type: CONSTRAINT; Schema: keycloak; Owner: keycloak
--

ALTER TABLE ONLY keycloak.offline_client_session
    ADD CONSTRAINT constraint_offl_cl_ses_pk3 PRIMARY KEY (user_session_id, client_id, client_storage_provider, external_client_id, offline_flag);


--
-- Name: offline_user_session constraint_offl_us_ses_pk2; Type: CONSTRAINT; Schema: keycloak; Owner: keycloak
--

ALTER TABLE ONLY keycloak.offline_user_session
    ADD CONSTRAINT constraint_offl_us_ses_pk2 PRIMARY KEY (user_session_id, offline_flag);


--
-- Name: protocol_mapper constraint_pcm; Type: CONSTRAINT; Schema: keycloak; Owner: keycloak
--

ALTER TABLE ONLY keycloak.protocol_mapper
    ADD CONSTRAINT constraint_pcm PRIMARY KEY (id);


--
-- Name: protocol_mapper_config constraint_pmconfig; Type: CONSTRAINT; Schema: keycloak; Owner: keycloak
--

ALTER TABLE ONLY keycloak.protocol_mapper_config
    ADD CONSTRAINT constraint_pmconfig PRIMARY KEY (protocol_mapper_id, name);


--
-- Name: redirect_uris constraint_redirect_uris; Type: CONSTRAINT; Schema: keycloak; Owner: keycloak
--

ALTER TABLE ONLY keycloak.redirect_uris
    ADD CONSTRAINT constraint_redirect_uris PRIMARY KEY (client_id, value);


--
-- Name: required_action_config constraint_req_act_cfg_pk; Type: CONSTRAINT; Schema: keycloak; Owner: keycloak
--

ALTER TABLE ONLY keycloak.required_action_config
    ADD CONSTRAINT constraint_req_act_cfg_pk PRIMARY KEY (required_action_id, name);


--
-- Name: required_action_provider constraint_req_act_prv_pk; Type: CONSTRAINT; Schema: keycloak; Owner: keycloak
--

ALTER TABLE ONLY keycloak.required_action_provider
    ADD CONSTRAINT constraint_req_act_prv_pk PRIMARY KEY (id);


--
-- Name: user_required_action constraint_required_action; Type: CONSTRAINT; Schema: keycloak; Owner: keycloak
--

ALTER TABLE ONLY keycloak.user_required_action
    ADD CONSTRAINT constraint_required_action PRIMARY KEY (required_action, user_id);


--
-- Name: resource_uris constraint_resour_uris_pk; Type: CONSTRAINT; Schema: keycloak; Owner: keycloak
--

ALTER TABLE ONLY keycloak.resource_uris
    ADD CONSTRAINT constraint_resour_uris_pk PRIMARY KEY (resource_id, value);


--
-- Name: role_attribute constraint_role_attribute_pk; Type: CONSTRAINT; Schema: keycloak; Owner: keycloak
--

ALTER TABLE ONLY keycloak.role_attribute
    ADD CONSTRAINT constraint_role_attribute_pk PRIMARY KEY (id);


--
-- Name: user_attribute constraint_user_attribute_pk; Type: CONSTRAINT; Schema: keycloak; Owner: keycloak
--

ALTER TABLE ONLY keycloak.user_attribute
    ADD CONSTRAINT constraint_user_attribute_pk PRIMARY KEY (id);


--
-- Name: user_group_membership constraint_user_group; Type: CONSTRAINT; Schema: keycloak; Owner: keycloak
--

ALTER TABLE ONLY keycloak.user_group_membership
    ADD CONSTRAINT constraint_user_group PRIMARY KEY (group_id, user_id);


--
-- Name: user_session_note constraint_usn_pk; Type: CONSTRAINT; Schema: keycloak; Owner: keycloak
--

ALTER TABLE ONLY keycloak.user_session_note
    ADD CONSTRAINT constraint_usn_pk PRIMARY KEY (user_session, name);


--
-- Name: web_origins constraint_web_origins; Type: CONSTRAINT; Schema: keycloak; Owner: keycloak
--

ALTER TABLE ONLY keycloak.web_origins
    ADD CONSTRAINT constraint_web_origins PRIMARY KEY (client_id, value);


--
-- Name: databasechangeloglock databasechangeloglock_pkey; Type: CONSTRAINT; Schema: keycloak; Owner: keycloak
--

ALTER TABLE ONLY keycloak.databasechangeloglock
    ADD CONSTRAINT databasechangeloglock_pkey PRIMARY KEY (id);


--
-- Name: client_scope_attributes pk_cl_tmpl_attr; Type: CONSTRAINT; Schema: keycloak; Owner: keycloak
--

ALTER TABLE ONLY keycloak.client_scope_attributes
    ADD CONSTRAINT pk_cl_tmpl_attr PRIMARY KEY (scope_id, name);


--
-- Name: client_scope pk_cli_template; Type: CONSTRAINT; Schema: keycloak; Owner: keycloak
--

ALTER TABLE ONLY keycloak.client_scope
    ADD CONSTRAINT pk_cli_template PRIMARY KEY (id);


--
-- Name: resource_server pk_resource_server; Type: CONSTRAINT; Schema: keycloak; Owner: keycloak
--

ALTER TABLE ONLY keycloak.resource_server
    ADD CONSTRAINT pk_resource_server PRIMARY KEY (id);


--
-- Name: client_scope_role_mapping pk_template_scope; Type: CONSTRAINT; Schema: keycloak; Owner: keycloak
--

ALTER TABLE ONLY keycloak.client_scope_role_mapping
    ADD CONSTRAINT pk_template_scope PRIMARY KEY (scope_id, role_id);


--
-- Name: default_client_scope r_def_cli_scope_bind; Type: CONSTRAINT; Schema: keycloak; Owner: keycloak
--

ALTER TABLE ONLY keycloak.default_client_scope
    ADD CONSTRAINT r_def_cli_scope_bind PRIMARY KEY (realm_id, scope_id);


--
-- Name: realm_localizations realm_localizations_pkey; Type: CONSTRAINT; Schema: keycloak; Owner: keycloak
--

ALTER TABLE ONLY keycloak.realm_localizations
    ADD CONSTRAINT realm_localizations_pkey PRIMARY KEY (realm_id, locale);


--
-- Name: resource_attribute res_attr_pk; Type: CONSTRAINT; Schema: keycloak; Owner: keycloak
--

ALTER TABLE ONLY keycloak.resource_attribute
    ADD CONSTRAINT res_attr_pk PRIMARY KEY (id);


--
-- Name: keycloak_group sibling_names; Type: CONSTRAINT; Schema: keycloak; Owner: keycloak
--

ALTER TABLE ONLY keycloak.keycloak_group
    ADD CONSTRAINT sibling_names UNIQUE (realm_id, parent_group, name);


--
-- Name: identity_provider uk_2daelwnibji49avxsrtuf6xj33; Type: CONSTRAINT; Schema: keycloak; Owner: keycloak
--

ALTER TABLE ONLY keycloak.identity_provider
    ADD CONSTRAINT uk_2daelwnibji49avxsrtuf6xj33 UNIQUE (provider_alias, realm_id);


--
-- Name: client uk_b71cjlbenv945rb6gcon438at; Type: CONSTRAINT; Schema: keycloak; Owner: keycloak
--

ALTER TABLE ONLY keycloak.client
    ADD CONSTRAINT uk_b71cjlbenv945rb6gcon438at UNIQUE (realm_id, client_id);


--
-- Name: client_scope uk_cli_scope; Type: CONSTRAINT; Schema: keycloak; Owner: keycloak
--

ALTER TABLE ONLY keycloak.client_scope
    ADD CONSTRAINT uk_cli_scope UNIQUE (realm_id, name);


--
-- Name: user_entity uk_dykn684sl8up1crfei6eckhd7; Type: CONSTRAINT; Schema: keycloak; Owner: keycloak
--

ALTER TABLE ONLY keycloak.user_entity
    ADD CONSTRAINT uk_dykn684sl8up1crfei6eckhd7 UNIQUE (realm_id, email_constraint);


--
-- Name: resource_server_resource uk_frsr6t700s9v50bu18ws5ha6; Type: CONSTRAINT; Schema: keycloak; Owner: keycloak
--

ALTER TABLE ONLY keycloak.resource_server_resource
    ADD CONSTRAINT uk_frsr6t700s9v50bu18ws5ha6 UNIQUE (name, owner, resource_server_id);


--
-- Name: resource_server_perm_ticket uk_frsr6t700s9v50bu18ws5pmt; Type: CONSTRAINT; Schema: keycloak; Owner: keycloak
--

ALTER TABLE ONLY keycloak.resource_server_perm_ticket
    ADD CONSTRAINT uk_frsr6t700s9v50bu18ws5pmt UNIQUE (owner, requester, resource_server_id, resource_id, scope_id);


--
-- Name: resource_server_policy uk_frsrpt700s9v50bu18ws5ha6; Type: CONSTRAINT; Schema: keycloak; Owner: keycloak
--

ALTER TABLE ONLY keycloak.resource_server_policy
    ADD CONSTRAINT uk_frsrpt700s9v50bu18ws5ha6 UNIQUE (name, resource_server_id);


--
-- Name: resource_server_scope uk_frsrst700s9v50bu18ws5ha6; Type: CONSTRAINT; Schema: keycloak; Owner: keycloak
--

ALTER TABLE ONLY keycloak.resource_server_scope
    ADD CONSTRAINT uk_frsrst700s9v50bu18ws5ha6 UNIQUE (name, resource_server_id);


--
-- Name: user_consent uk_jkuwuvd56ontgsuhogm8uewrt; Type: CONSTRAINT; Schema: keycloak; Owner: keycloak
--

ALTER TABLE ONLY keycloak.user_consent
    ADD CONSTRAINT uk_jkuwuvd56ontgsuhogm8uewrt UNIQUE (client_id, client_storage_provider, external_client_id, user_id);


--
-- Name: realm uk_orvsdmla56612eaefiq6wl5oi; Type: CONSTRAINT; Schema: keycloak; Owner: keycloak
--

ALTER TABLE ONLY keycloak.realm
    ADD CONSTRAINT uk_orvsdmla56612eaefiq6wl5oi UNIQUE (name);


--
-- Name: user_entity uk_ru8tt6t700s9v50bu18ws5ha6; Type: CONSTRAINT; Schema: keycloak; Owner: keycloak
--

ALTER TABLE ONLY keycloak.user_entity
    ADD CONSTRAINT uk_ru8tt6t700s9v50bu18ws5ha6 UNIQUE (realm_id, username);


--
-- Name: fed_user_attr_long_values; Type: INDEX; Schema: keycloak; Owner: keycloak
--

CREATE INDEX fed_user_attr_long_values ON keycloak.fed_user_attribute USING btree (long_value_hash, name);


--
-- Name: fed_user_attr_long_values_lower_case; Type: INDEX; Schema: keycloak; Owner: keycloak
--

CREATE INDEX fed_user_attr_long_values_lower_case ON keycloak.fed_user_attribute USING btree (long_value_hash_lower_case, name);


--
-- Name: idx_admin_event_time; Type: INDEX; Schema: keycloak; Owner: keycloak
--

CREATE INDEX idx_admin_event_time ON keycloak.admin_event_entity USING btree (realm_id, admin_event_time);


--
-- Name: idx_assoc_pol_assoc_pol_id; Type: INDEX; Schema: keycloak; Owner: keycloak
--

CREATE INDEX idx_assoc_pol_assoc_pol_id ON keycloak.associated_policy USING btree (associated_policy_id);


--
-- Name: idx_auth_config_realm; Type: INDEX; Schema: keycloak; Owner: keycloak
--

CREATE INDEX idx_auth_config_realm ON keycloak.authenticator_config USING btree (realm_id);


--
-- Name: idx_auth_exec_flow; Type: INDEX; Schema: keycloak; Owner: keycloak
--

CREATE INDEX idx_auth_exec_flow ON keycloak.authentication_execution USING btree (flow_id);


--
-- Name: idx_auth_exec_realm_flow; Type: INDEX; Schema: keycloak; Owner: keycloak
--

CREATE INDEX idx_auth_exec_realm_flow ON keycloak.authentication_execution USING btree (realm_id, flow_id);


--
-- Name: idx_auth_flow_realm; Type: INDEX; Schema: keycloak; Owner: keycloak
--

CREATE INDEX idx_auth_flow_realm ON keycloak.authentication_flow USING btree (realm_id);


--
-- Name: idx_cl_clscope; Type: INDEX; Schema: keycloak; Owner: keycloak
--

CREATE INDEX idx_cl_clscope ON keycloak.client_scope_client USING btree (scope_id);


--
-- Name: idx_client_att_by_name_value; Type: INDEX; Schema: keycloak; Owner: keycloak
--

CREATE INDEX idx_client_att_by_name_value ON keycloak.client_attributes USING btree (name, substr(value, 1, 255));


--
-- Name: idx_client_id; Type: INDEX; Schema: keycloak; Owner: keycloak
--

CREATE INDEX idx_client_id ON keycloak.client USING btree (client_id);


--
-- Name: idx_client_init_acc_realm; Type: INDEX; Schema: keycloak; Owner: keycloak
--

CREATE INDEX idx_client_init_acc_realm ON keycloak.client_initial_access USING btree (realm_id);


--
-- Name: idx_client_session_session; Type: INDEX; Schema: keycloak; Owner: keycloak
--

CREATE INDEX idx_client_session_session ON keycloak.client_session USING btree (session_id);


--
-- Name: idx_clscope_attrs; Type: INDEX; Schema: keycloak; Owner: keycloak
--

CREATE INDEX idx_clscope_attrs ON keycloak.client_scope_attributes USING btree (scope_id);


--
-- Name: idx_clscope_cl; Type: INDEX; Schema: keycloak; Owner: keycloak
--

CREATE INDEX idx_clscope_cl ON keycloak.client_scope_client USING btree (client_id);


--
-- Name: idx_clscope_protmap; Type: INDEX; Schema: keycloak; Owner: keycloak
--

CREATE INDEX idx_clscope_protmap ON keycloak.protocol_mapper USING btree (client_scope_id);


--
-- Name: idx_clscope_role; Type: INDEX; Schema: keycloak; Owner: keycloak
--

CREATE INDEX idx_clscope_role ON keycloak.client_scope_role_mapping USING btree (scope_id);


--
-- Name: idx_compo_config_compo; Type: INDEX; Schema: keycloak; Owner: keycloak
--

CREATE INDEX idx_compo_config_compo ON keycloak.component_config USING btree (component_id);


--
-- Name: idx_component_provider_type; Type: INDEX; Schema: keycloak; Owner: keycloak
--

CREATE INDEX idx_component_provider_type ON keycloak.component USING btree (provider_type);


--
-- Name: idx_component_realm; Type: INDEX; Schema: keycloak; Owner: keycloak
--

CREATE INDEX idx_component_realm ON keycloak.component USING btree (realm_id);


--
-- Name: idx_composite; Type: INDEX; Schema: keycloak; Owner: keycloak
--

CREATE INDEX idx_composite ON keycloak.composite_role USING btree (composite);


--
-- Name: idx_composite_child; Type: INDEX; Schema: keycloak; Owner: keycloak
--

CREATE INDEX idx_composite_child ON keycloak.composite_role USING btree (child_role);


--
-- Name: idx_defcls_realm; Type: INDEX; Schema: keycloak; Owner: keycloak
--

CREATE INDEX idx_defcls_realm ON keycloak.default_client_scope USING btree (realm_id);


--
-- Name: idx_defcls_scope; Type: INDEX; Schema: keycloak; Owner: keycloak
--

CREATE INDEX idx_defcls_scope ON keycloak.default_client_scope USING btree (scope_id);


--
-- Name: idx_event_time; Type: INDEX; Schema: keycloak; Owner: keycloak
--

CREATE INDEX idx_event_time ON keycloak.event_entity USING btree (realm_id, event_time);


--
-- Name: idx_fedidentity_feduser; Type: INDEX; Schema: keycloak; Owner: keycloak
--

CREATE INDEX idx_fedidentity_feduser ON keycloak.federated_identity USING btree (federated_user_id);


--
-- Name: idx_fedidentity_user; Type: INDEX; Schema: keycloak; Owner: keycloak
--

CREATE INDEX idx_fedidentity_user ON keycloak.federated_identity USING btree (user_id);


--
-- Name: idx_fu_attribute; Type: INDEX; Schema: keycloak; Owner: keycloak
--

CREATE INDEX idx_fu_attribute ON keycloak.fed_user_attribute USING btree (user_id, realm_id, name);


--
-- Name: idx_fu_cnsnt_ext; Type: INDEX; Schema: keycloak; Owner: keycloak
--

CREATE INDEX idx_fu_cnsnt_ext ON keycloak.fed_user_consent USING btree (user_id, client_storage_provider, external_client_id);


--
-- Name: idx_fu_consent; Type: INDEX; Schema: keycloak; Owner: keycloak
--

CREATE INDEX idx_fu_consent ON keycloak.fed_user_consent USING btree (user_id, client_id);


--
-- Name: idx_fu_consent_ru; Type: INDEX; Schema: keycloak; Owner: keycloak
--

CREATE INDEX idx_fu_consent_ru ON keycloak.fed_user_consent USING btree (realm_id, user_id);


--
-- Name: idx_fu_credential; Type: INDEX; Schema: keycloak; Owner: keycloak
--

CREATE INDEX idx_fu_credential ON keycloak.fed_user_credential USING btree (user_id, type);


--
-- Name: idx_fu_credential_ru; Type: INDEX; Schema: keycloak; Owner: keycloak
--

CREATE INDEX idx_fu_credential_ru ON keycloak.fed_user_credential USING btree (realm_id, user_id);


--
-- Name: idx_fu_group_membership; Type: INDEX; Schema: keycloak; Owner: keycloak
--

CREATE INDEX idx_fu_group_membership ON keycloak.fed_user_group_membership USING btree (user_id, group_id);


--
-- Name: idx_fu_group_membership_ru; Type: INDEX; Schema: keycloak; Owner: keycloak
--

CREATE INDEX idx_fu_group_membership_ru ON keycloak.fed_user_group_membership USING btree (realm_id, user_id);


--
-- Name: idx_fu_required_action; Type: INDEX; Schema: keycloak; Owner: keycloak
--

CREATE INDEX idx_fu_required_action ON keycloak.fed_user_required_action USING btree (user_id, required_action);


--
-- Name: idx_fu_required_action_ru; Type: INDEX; Schema: keycloak; Owner: keycloak
--

CREATE INDEX idx_fu_required_action_ru ON keycloak.fed_user_required_action USING btree (realm_id, user_id);


--
-- Name: idx_fu_role_mapping; Type: INDEX; Schema: keycloak; Owner: keycloak
--

CREATE INDEX idx_fu_role_mapping ON keycloak.fed_user_role_mapping USING btree (user_id, role_id);


--
-- Name: idx_fu_role_mapping_ru; Type: INDEX; Schema: keycloak; Owner: keycloak
--

CREATE INDEX idx_fu_role_mapping_ru ON keycloak.fed_user_role_mapping USING btree (realm_id, user_id);


--
-- Name: idx_group_att_by_name_value; Type: INDEX; Schema: keycloak; Owner: keycloak
--

CREATE INDEX idx_group_att_by_name_value ON keycloak.group_attribute USING btree (name, ((value)::character varying(250)));


--
-- Name: idx_group_attr_group; Type: INDEX; Schema: keycloak; Owner: keycloak
--

CREATE INDEX idx_group_attr_group ON keycloak.group_attribute USING btree (group_id);


--
-- Name: idx_group_role_mapp_group; Type: INDEX; Schema: keycloak; Owner: keycloak
--

CREATE INDEX idx_group_role_mapp_group ON keycloak.group_role_mapping USING btree (group_id);


--
-- Name: idx_id_prov_mapp_realm; Type: INDEX; Schema: keycloak; Owner: keycloak
--

CREATE INDEX idx_id_prov_mapp_realm ON keycloak.identity_provider_mapper USING btree (realm_id);


--
-- Name: idx_ident_prov_realm; Type: INDEX; Schema: keycloak; Owner: keycloak
--

CREATE INDEX idx_ident_prov_realm ON keycloak.identity_provider USING btree (realm_id);


--
-- Name: idx_keycloak_role_client; Type: INDEX; Schema: keycloak; Owner: keycloak
--

CREATE INDEX idx_keycloak_role_client ON keycloak.keycloak_role USING btree (client);


--
-- Name: idx_keycloak_role_realm; Type: INDEX; Schema: keycloak; Owner: keycloak
--

CREATE INDEX idx_keycloak_role_realm ON keycloak.keycloak_role USING btree (realm);


--
-- Name: idx_offline_css_preload; Type: INDEX; Schema: keycloak; Owner: keycloak
--

CREATE INDEX idx_offline_css_preload ON keycloak.offline_client_session USING btree (client_id, offline_flag);


--
-- Name: idx_offline_uss_by_user; Type: INDEX; Schema: keycloak; Owner: keycloak
--

CREATE INDEX idx_offline_uss_by_user ON keycloak.offline_user_session USING btree (user_id, realm_id, offline_flag);


--
-- Name: idx_offline_uss_by_usersess; Type: INDEX; Schema: keycloak; Owner: keycloak
--

CREATE INDEX idx_offline_uss_by_usersess ON keycloak.offline_user_session USING btree (realm_id, offline_flag, user_session_id);


--
-- Name: idx_offline_uss_createdon; Type: INDEX; Schema: keycloak; Owner: keycloak
--

CREATE INDEX idx_offline_uss_createdon ON keycloak.offline_user_session USING btree (created_on);


--
-- Name: idx_offline_uss_preload; Type: INDEX; Schema: keycloak; Owner: keycloak
--

CREATE INDEX idx_offline_uss_preload ON keycloak.offline_user_session USING btree (offline_flag, created_on, user_session_id);


--
-- Name: idx_protocol_mapper_client; Type: INDEX; Schema: keycloak; Owner: keycloak
--

CREATE INDEX idx_protocol_mapper_client ON keycloak.protocol_mapper USING btree (client_id);


--
-- Name: idx_realm_attr_realm; Type: INDEX; Schema: keycloak; Owner: keycloak
--

CREATE INDEX idx_realm_attr_realm ON keycloak.realm_attribute USING btree (realm_id);


--
-- Name: idx_realm_clscope; Type: INDEX; Schema: keycloak; Owner: keycloak
--

CREATE INDEX idx_realm_clscope ON keycloak.client_scope USING btree (realm_id);


--
-- Name: idx_realm_def_grp_realm; Type: INDEX; Schema: keycloak; Owner: keycloak
--

CREATE INDEX idx_realm_def_grp_realm ON keycloak.realm_default_groups USING btree (realm_id);


--
-- Name: idx_realm_evt_list_realm; Type: INDEX; Schema: keycloak; Owner: keycloak
--

CREATE INDEX idx_realm_evt_list_realm ON keycloak.realm_events_listeners USING btree (realm_id);


--
-- Name: idx_realm_evt_types_realm; Type: INDEX; Schema: keycloak; Owner: keycloak
--

CREATE INDEX idx_realm_evt_types_realm ON keycloak.realm_enabled_event_types USING btree (realm_id);


--
-- Name: idx_realm_master_adm_cli; Type: INDEX; Schema: keycloak; Owner: keycloak
--

CREATE INDEX idx_realm_master_adm_cli ON keycloak.realm USING btree (master_admin_client);


--
-- Name: idx_realm_supp_local_realm; Type: INDEX; Schema: keycloak; Owner: keycloak
--

CREATE INDEX idx_realm_supp_local_realm ON keycloak.realm_supported_locales USING btree (realm_id);


--
-- Name: idx_redir_uri_client; Type: INDEX; Schema: keycloak; Owner: keycloak
--

CREATE INDEX idx_redir_uri_client ON keycloak.redirect_uris USING btree (client_id);


--
-- Name: idx_req_act_prov_realm; Type: INDEX; Schema: keycloak; Owner: keycloak
--

CREATE INDEX idx_req_act_prov_realm ON keycloak.required_action_provider USING btree (realm_id);


--
-- Name: idx_res_policy_policy; Type: INDEX; Schema: keycloak; Owner: keycloak
--

CREATE INDEX idx_res_policy_policy ON keycloak.resource_policy USING btree (policy_id);


--
-- Name: idx_res_scope_scope; Type: INDEX; Schema: keycloak; Owner: keycloak
--

CREATE INDEX idx_res_scope_scope ON keycloak.resource_scope USING btree (scope_id);


--
-- Name: idx_res_serv_pol_res_serv; Type: INDEX; Schema: keycloak; Owner: keycloak
--

CREATE INDEX idx_res_serv_pol_res_serv ON keycloak.resource_server_policy USING btree (resource_server_id);


--
-- Name: idx_res_srv_res_res_srv; Type: INDEX; Schema: keycloak; Owner: keycloak
--

CREATE INDEX idx_res_srv_res_res_srv ON keycloak.resource_server_resource USING btree (resource_server_id);


--
-- Name: idx_res_srv_scope_res_srv; Type: INDEX; Schema: keycloak; Owner: keycloak
--

CREATE INDEX idx_res_srv_scope_res_srv ON keycloak.resource_server_scope USING btree (resource_server_id);


--
-- Name: idx_role_attribute; Type: INDEX; Schema: keycloak; Owner: keycloak
--

CREATE INDEX idx_role_attribute ON keycloak.role_attribute USING btree (role_id);


--
-- Name: idx_role_clscope; Type: INDEX; Schema: keycloak; Owner: keycloak
--

CREATE INDEX idx_role_clscope ON keycloak.client_scope_role_mapping USING btree (role_id);


--
-- Name: idx_scope_mapping_role; Type: INDEX; Schema: keycloak; Owner: keycloak
--

CREATE INDEX idx_scope_mapping_role ON keycloak.scope_mapping USING btree (role_id);


--
-- Name: idx_scope_policy_policy; Type: INDEX; Schema: keycloak; Owner: keycloak
--

CREATE INDEX idx_scope_policy_policy ON keycloak.scope_policy USING btree (policy_id);


--
-- Name: idx_update_time; Type: INDEX; Schema: keycloak; Owner: keycloak
--

CREATE INDEX idx_update_time ON keycloak.migration_model USING btree (update_time);


--
-- Name: idx_us_sess_id_on_cl_sess; Type: INDEX; Schema: keycloak; Owner: keycloak
--

CREATE INDEX idx_us_sess_id_on_cl_sess ON keycloak.offline_client_session USING btree (user_session_id);


--
-- Name: idx_usconsent_clscope; Type: INDEX; Schema: keycloak; Owner: keycloak
--

CREATE INDEX idx_usconsent_clscope ON keycloak.user_consent_client_scope USING btree (user_consent_id);


--
-- Name: idx_user_attribute; Type: INDEX; Schema: keycloak; Owner: keycloak
--

CREATE INDEX idx_user_attribute ON keycloak.user_attribute USING btree (user_id);


--
-- Name: idx_user_attribute_name; Type: INDEX; Schema: keycloak; Owner: keycloak
--

CREATE INDEX idx_user_attribute_name ON keycloak.user_attribute USING btree (name, value);


--
-- Name: idx_user_consent; Type: INDEX; Schema: keycloak; Owner: keycloak
--

CREATE INDEX idx_user_consent ON keycloak.user_consent USING btree (user_id);


--
-- Name: idx_user_credential; Type: INDEX; Schema: keycloak; Owner: keycloak
--

CREATE INDEX idx_user_credential ON keycloak.credential USING btree (user_id);


--
-- Name: idx_user_email; Type: INDEX; Schema: keycloak; Owner: keycloak
--

CREATE INDEX idx_user_email ON keycloak.user_entity USING btree (email);


--
-- Name: idx_user_group_mapping; Type: INDEX; Schema: keycloak; Owner: keycloak
--

CREATE INDEX idx_user_group_mapping ON keycloak.user_group_membership USING btree (user_id);


--
-- Name: idx_user_reqactions; Type: INDEX; Schema: keycloak; Owner: keycloak
--

CREATE INDEX idx_user_reqactions ON keycloak.user_required_action USING btree (user_id);


--
-- Name: idx_user_role_mapping; Type: INDEX; Schema: keycloak; Owner: keycloak
--

CREATE INDEX idx_user_role_mapping ON keycloak.user_role_mapping USING btree (user_id);


--
-- Name: idx_user_service_account; Type: INDEX; Schema: keycloak; Owner: keycloak
--

CREATE INDEX idx_user_service_account ON keycloak.user_entity USING btree (realm_id, service_account_client_link);


--
-- Name: idx_usr_fed_map_fed_prv; Type: INDEX; Schema: keycloak; Owner: keycloak
--

CREATE INDEX idx_usr_fed_map_fed_prv ON keycloak.user_federation_mapper USING btree (federation_provider_id);


--
-- Name: idx_usr_fed_map_realm; Type: INDEX; Schema: keycloak; Owner: keycloak
--

CREATE INDEX idx_usr_fed_map_realm ON keycloak.user_federation_mapper USING btree (realm_id);


--
-- Name: idx_usr_fed_prv_realm; Type: INDEX; Schema: keycloak; Owner: keycloak
--

CREATE INDEX idx_usr_fed_prv_realm ON keycloak.user_federation_provider USING btree (realm_id);


--
-- Name: idx_web_orig_client; Type: INDEX; Schema: keycloak; Owner: keycloak
--

CREATE INDEX idx_web_orig_client ON keycloak.web_origins USING btree (client_id);


--
-- Name: user_attr_long_values; Type: INDEX; Schema: keycloak; Owner: keycloak
--

CREATE INDEX user_attr_long_values ON keycloak.user_attribute USING btree (long_value_hash, name);


--
-- Name: user_attr_long_values_lower_case; Type: INDEX; Schema: keycloak; Owner: keycloak
--

CREATE INDEX user_attr_long_values_lower_case ON keycloak.user_attribute USING btree (long_value_hash_lower_case, name);


--
-- Name: client_session_auth_status auth_status_constraint; Type: FK CONSTRAINT; Schema: keycloak; Owner: keycloak
--

ALTER TABLE ONLY keycloak.client_session_auth_status
    ADD CONSTRAINT auth_status_constraint FOREIGN KEY (client_session) REFERENCES keycloak.client_session(id);


--
-- Name: identity_provider fk2b4ebc52ae5c3b34; Type: FK CONSTRAINT; Schema: keycloak; Owner: keycloak
--

ALTER TABLE ONLY keycloak.identity_provider
    ADD CONSTRAINT fk2b4ebc52ae5c3b34 FOREIGN KEY (realm_id) REFERENCES keycloak.realm(id);


--
-- Name: client_attributes fk3c47c64beacca966; Type: FK CONSTRAINT; Schema: keycloak; Owner: keycloak
--

ALTER TABLE ONLY keycloak.client_attributes
    ADD CONSTRAINT fk3c47c64beacca966 FOREIGN KEY (client_id) REFERENCES keycloak.client(id);


--
-- Name: federated_identity fk404288b92ef007a6; Type: FK CONSTRAINT; Schema: keycloak; Owner: keycloak
--

ALTER TABLE ONLY keycloak.federated_identity
    ADD CONSTRAINT fk404288b92ef007a6 FOREIGN KEY (user_id) REFERENCES keycloak.user_entity(id);


--
-- Name: client_node_registrations fk4129723ba992f594; Type: FK CONSTRAINT; Schema: keycloak; Owner: keycloak
--

ALTER TABLE ONLY keycloak.client_node_registrations
    ADD CONSTRAINT fk4129723ba992f594 FOREIGN KEY (client_id) REFERENCES keycloak.client(id);


--
-- Name: client_session_note fk5edfb00ff51c2736; Type: FK CONSTRAINT; Schema: keycloak; Owner: keycloak
--

ALTER TABLE ONLY keycloak.client_session_note
    ADD CONSTRAINT fk5edfb00ff51c2736 FOREIGN KEY (client_session) REFERENCES keycloak.client_session(id);


--
-- Name: user_session_note fk5edfb00ff51d3472; Type: FK CONSTRAINT; Schema: keycloak; Owner: keycloak
--

ALTER TABLE ONLY keycloak.user_session_note
    ADD CONSTRAINT fk5edfb00ff51d3472 FOREIGN KEY (user_session) REFERENCES keycloak.user_session(id);


--
-- Name: client_session_role fk_11b7sgqw18i532811v7o2dv76; Type: FK CONSTRAINT; Schema: keycloak; Owner: keycloak
--

ALTER TABLE ONLY keycloak.client_session_role
    ADD CONSTRAINT fk_11b7sgqw18i532811v7o2dv76 FOREIGN KEY (client_session) REFERENCES keycloak.client_session(id);


--
-- Name: redirect_uris fk_1burs8pb4ouj97h5wuppahv9f; Type: FK CONSTRAINT; Schema: keycloak; Owner: keycloak
--

ALTER TABLE ONLY keycloak.redirect_uris
    ADD CONSTRAINT fk_1burs8pb4ouj97h5wuppahv9f FOREIGN KEY (client_id) REFERENCES keycloak.client(id);


--
-- Name: user_federation_provider fk_1fj32f6ptolw2qy60cd8n01e8; Type: FK CONSTRAINT; Schema: keycloak; Owner: keycloak
--

ALTER TABLE ONLY keycloak.user_federation_provider
    ADD CONSTRAINT fk_1fj32f6ptolw2qy60cd8n01e8 FOREIGN KEY (realm_id) REFERENCES keycloak.realm(id);


--
-- Name: client_session_prot_mapper fk_33a8sgqw18i532811v7o2dk89; Type: FK CONSTRAINT; Schema: keycloak; Owner: keycloak
--

ALTER TABLE ONLY keycloak.client_session_prot_mapper
    ADD CONSTRAINT fk_33a8sgqw18i532811v7o2dk89 FOREIGN KEY (client_session) REFERENCES keycloak.client_session(id);


--
-- Name: realm_required_credential fk_5hg65lybevavkqfki3kponh9v; Type: FK CONSTRAINT; Schema: keycloak; Owner: keycloak
--

ALTER TABLE ONLY keycloak.realm_required_credential
    ADD CONSTRAINT fk_5hg65lybevavkqfki3kponh9v FOREIGN KEY (realm_id) REFERENCES keycloak.realm(id);


--
-- Name: resource_attribute fk_5hrm2vlf9ql5fu022kqepovbr; Type: FK CONSTRAINT; Schema: keycloak; Owner: keycloak
--

ALTER TABLE ONLY keycloak.resource_attribute
    ADD CONSTRAINT fk_5hrm2vlf9ql5fu022kqepovbr FOREIGN KEY (resource_id) REFERENCES keycloak.resource_server_resource(id);


--
-- Name: user_attribute fk_5hrm2vlf9ql5fu043kqepovbr; Type: FK CONSTRAINT; Schema: keycloak; Owner: keycloak
--

ALTER TABLE ONLY keycloak.user_attribute
    ADD CONSTRAINT fk_5hrm2vlf9ql5fu043kqepovbr FOREIGN KEY (user_id) REFERENCES keycloak.user_entity(id);


--
-- Name: user_required_action fk_6qj3w1jw9cvafhe19bwsiuvmd; Type: FK CONSTRAINT; Schema: keycloak; Owner: keycloak
--

ALTER TABLE ONLY keycloak.user_required_action
    ADD CONSTRAINT fk_6qj3w1jw9cvafhe19bwsiuvmd FOREIGN KEY (user_id) REFERENCES keycloak.user_entity(id);


--
-- Name: keycloak_role fk_6vyqfe4cn4wlq8r6kt5vdsj5c; Type: FK CONSTRAINT; Schema: keycloak; Owner: keycloak
--

ALTER TABLE ONLY keycloak.keycloak_role
    ADD CONSTRAINT fk_6vyqfe4cn4wlq8r6kt5vdsj5c FOREIGN KEY (realm) REFERENCES keycloak.realm(id);


--
-- Name: realm_smtp_config fk_70ej8xdxgxd0b9hh6180irr0o; Type: FK CONSTRAINT; Schema: keycloak; Owner: keycloak
--

ALTER TABLE ONLY keycloak.realm_smtp_config
    ADD CONSTRAINT fk_70ej8xdxgxd0b9hh6180irr0o FOREIGN KEY (realm_id) REFERENCES keycloak.realm(id);


--
-- Name: realm_attribute fk_8shxd6l3e9atqukacxgpffptw; Type: FK CONSTRAINT; Schema: keycloak; Owner: keycloak
--

ALTER TABLE ONLY keycloak.realm_attribute
    ADD CONSTRAINT fk_8shxd6l3e9atqukacxgpffptw FOREIGN KEY (realm_id) REFERENCES keycloak.realm(id);


--
-- Name: composite_role fk_a63wvekftu8jo1pnj81e7mce2; Type: FK CONSTRAINT; Schema: keycloak; Owner: keycloak
--

ALTER TABLE ONLY keycloak.composite_role
    ADD CONSTRAINT fk_a63wvekftu8jo1pnj81e7mce2 FOREIGN KEY (composite) REFERENCES keycloak.keycloak_role(id);


--
-- Name: authentication_execution fk_auth_exec_flow; Type: FK CONSTRAINT; Schema: keycloak; Owner: keycloak
--

ALTER TABLE ONLY keycloak.authentication_execution
    ADD CONSTRAINT fk_auth_exec_flow FOREIGN KEY (flow_id) REFERENCES keycloak.authentication_flow(id);


--
-- Name: authentication_execution fk_auth_exec_realm; Type: FK CONSTRAINT; Schema: keycloak; Owner: keycloak
--

ALTER TABLE ONLY keycloak.authentication_execution
    ADD CONSTRAINT fk_auth_exec_realm FOREIGN KEY (realm_id) REFERENCES keycloak.realm(id);


--
-- Name: authentication_flow fk_auth_flow_realm; Type: FK CONSTRAINT; Schema: keycloak; Owner: keycloak
--

ALTER TABLE ONLY keycloak.authentication_flow
    ADD CONSTRAINT fk_auth_flow_realm FOREIGN KEY (realm_id) REFERENCES keycloak.realm(id);


--
-- Name: authenticator_config fk_auth_realm; Type: FK CONSTRAINT; Schema: keycloak; Owner: keycloak
--

ALTER TABLE ONLY keycloak.authenticator_config
    ADD CONSTRAINT fk_auth_realm FOREIGN KEY (realm_id) REFERENCES keycloak.realm(id);


--
-- Name: client_session fk_b4ao2vcvat6ukau74wbwtfqo1; Type: FK CONSTRAINT; Schema: keycloak; Owner: keycloak
--

ALTER TABLE ONLY keycloak.client_session
    ADD CONSTRAINT fk_b4ao2vcvat6ukau74wbwtfqo1 FOREIGN KEY (session_id) REFERENCES keycloak.user_session(id);


--
-- Name: user_role_mapping fk_c4fqv34p1mbylloxang7b1q3l; Type: FK CONSTRAINT; Schema: keycloak; Owner: keycloak
--

ALTER TABLE ONLY keycloak.user_role_mapping
    ADD CONSTRAINT fk_c4fqv34p1mbylloxang7b1q3l FOREIGN KEY (user_id) REFERENCES keycloak.user_entity(id);


--
-- Name: client_scope_attributes fk_cl_scope_attr_scope; Type: FK CONSTRAINT; Schema: keycloak; Owner: keycloak
--

ALTER TABLE ONLY keycloak.client_scope_attributes
    ADD CONSTRAINT fk_cl_scope_attr_scope FOREIGN KEY (scope_id) REFERENCES keycloak.client_scope(id);


--
-- Name: client_scope_role_mapping fk_cl_scope_rm_scope; Type: FK CONSTRAINT; Schema: keycloak; Owner: keycloak
--

ALTER TABLE ONLY keycloak.client_scope_role_mapping
    ADD CONSTRAINT fk_cl_scope_rm_scope FOREIGN KEY (scope_id) REFERENCES keycloak.client_scope(id);


--
-- Name: client_user_session_note fk_cl_usr_ses_note; Type: FK CONSTRAINT; Schema: keycloak; Owner: keycloak
--

ALTER TABLE ONLY keycloak.client_user_session_note
    ADD CONSTRAINT fk_cl_usr_ses_note FOREIGN KEY (client_session) REFERENCES keycloak.client_session(id);


--
-- Name: protocol_mapper fk_cli_scope_mapper; Type: FK CONSTRAINT; Schema: keycloak; Owner: keycloak
--

ALTER TABLE ONLY keycloak.protocol_mapper
    ADD CONSTRAINT fk_cli_scope_mapper FOREIGN KEY (client_scope_id) REFERENCES keycloak.client_scope(id);


--
-- Name: client_initial_access fk_client_init_acc_realm; Type: FK CONSTRAINT; Schema: keycloak; Owner: keycloak
--

ALTER TABLE ONLY keycloak.client_initial_access
    ADD CONSTRAINT fk_client_init_acc_realm FOREIGN KEY (realm_id) REFERENCES keycloak.realm(id);


--
-- Name: component_config fk_component_config; Type: FK CONSTRAINT; Schema: keycloak; Owner: keycloak
--

ALTER TABLE ONLY keycloak.component_config
    ADD CONSTRAINT fk_component_config FOREIGN KEY (component_id) REFERENCES keycloak.component(id);


--
-- Name: component fk_component_realm; Type: FK CONSTRAINT; Schema: keycloak; Owner: keycloak
--

ALTER TABLE ONLY keycloak.component
    ADD CONSTRAINT fk_component_realm FOREIGN KEY (realm_id) REFERENCES keycloak.realm(id);


--
-- Name: realm_default_groups fk_def_groups_realm; Type: FK CONSTRAINT; Schema: keycloak; Owner: keycloak
--

ALTER TABLE ONLY keycloak.realm_default_groups
    ADD CONSTRAINT fk_def_groups_realm FOREIGN KEY (realm_id) REFERENCES keycloak.realm(id);


--
-- Name: user_federation_mapper_config fk_fedmapper_cfg; Type: FK CONSTRAINT; Schema: keycloak; Owner: keycloak
--

ALTER TABLE ONLY keycloak.user_federation_mapper_config
    ADD CONSTRAINT fk_fedmapper_cfg FOREIGN KEY (user_federation_mapper_id) REFERENCES keycloak.user_federation_mapper(id);


--
-- Name: user_federation_mapper fk_fedmapperpm_fedprv; Type: FK CONSTRAINT; Schema: keycloak; Owner: keycloak
--

ALTER TABLE ONLY keycloak.user_federation_mapper
    ADD CONSTRAINT fk_fedmapperpm_fedprv FOREIGN KEY (federation_provider_id) REFERENCES keycloak.user_federation_provider(id);


--
-- Name: user_federation_mapper fk_fedmapperpm_realm; Type: FK CONSTRAINT; Schema: keycloak; Owner: keycloak
--

ALTER TABLE ONLY keycloak.user_federation_mapper
    ADD CONSTRAINT fk_fedmapperpm_realm FOREIGN KEY (realm_id) REFERENCES keycloak.realm(id);


--
-- Name: associated_policy fk_frsr5s213xcx4wnkog82ssrfy; Type: FK CONSTRAINT; Schema: keycloak; Owner: keycloak
--

ALTER TABLE ONLY keycloak.associated_policy
    ADD CONSTRAINT fk_frsr5s213xcx4wnkog82ssrfy FOREIGN KEY (associated_policy_id) REFERENCES keycloak.resource_server_policy(id);


--
-- Name: scope_policy fk_frsrasp13xcx4wnkog82ssrfy; Type: FK CONSTRAINT; Schema: keycloak; Owner: keycloak
--

ALTER TABLE ONLY keycloak.scope_policy
    ADD CONSTRAINT fk_frsrasp13xcx4wnkog82ssrfy FOREIGN KEY (policy_id) REFERENCES keycloak.resource_server_policy(id);


--
-- Name: resource_server_perm_ticket fk_frsrho213xcx4wnkog82sspmt; Type: FK CONSTRAINT; Schema: keycloak; Owner: keycloak
--

ALTER TABLE ONLY keycloak.resource_server_perm_ticket
    ADD CONSTRAINT fk_frsrho213xcx4wnkog82sspmt FOREIGN KEY (resource_server_id) REFERENCES keycloak.resource_server(id);


--
-- Name: resource_server_resource fk_frsrho213xcx4wnkog82ssrfy; Type: FK CONSTRAINT; Schema: keycloak; Owner: keycloak
--

ALTER TABLE ONLY keycloak.resource_server_resource
    ADD CONSTRAINT fk_frsrho213xcx4wnkog82ssrfy FOREIGN KEY (resource_server_id) REFERENCES keycloak.resource_server(id);


--
-- Name: resource_server_perm_ticket fk_frsrho213xcx4wnkog83sspmt; Type: FK CONSTRAINT; Schema: keycloak; Owner: keycloak
--

ALTER TABLE ONLY keycloak.resource_server_perm_ticket
    ADD CONSTRAINT fk_frsrho213xcx4wnkog83sspmt FOREIGN KEY (resource_id) REFERENCES keycloak.resource_server_resource(id);


--
-- Name: resource_server_perm_ticket fk_frsrho213xcx4wnkog84sspmt; Type: FK CONSTRAINT; Schema: keycloak; Owner: keycloak
--

ALTER TABLE ONLY keycloak.resource_server_perm_ticket
    ADD CONSTRAINT fk_frsrho213xcx4wnkog84sspmt FOREIGN KEY (scope_id) REFERENCES keycloak.resource_server_scope(id);


--
-- Name: associated_policy fk_frsrpas14xcx4wnkog82ssrfy; Type: FK CONSTRAINT; Schema: keycloak; Owner: keycloak
--

ALTER TABLE ONLY keycloak.associated_policy
    ADD CONSTRAINT fk_frsrpas14xcx4wnkog82ssrfy FOREIGN KEY (policy_id) REFERENCES keycloak.resource_server_policy(id);


--
-- Name: scope_policy fk_frsrpass3xcx4wnkog82ssrfy; Type: FK CONSTRAINT; Schema: keycloak; Owner: keycloak
--

ALTER TABLE ONLY keycloak.scope_policy
    ADD CONSTRAINT fk_frsrpass3xcx4wnkog82ssrfy FOREIGN KEY (scope_id) REFERENCES keycloak.resource_server_scope(id);


--
-- Name: resource_server_perm_ticket fk_frsrpo2128cx4wnkog82ssrfy; Type: FK CONSTRAINT; Schema: keycloak; Owner: keycloak
--

ALTER TABLE ONLY keycloak.resource_server_perm_ticket
    ADD CONSTRAINT fk_frsrpo2128cx4wnkog82ssrfy FOREIGN KEY (policy_id) REFERENCES keycloak.resource_server_policy(id);


--
-- Name: resource_server_policy fk_frsrpo213xcx4wnkog82ssrfy; Type: FK CONSTRAINT; Schema: keycloak; Owner: keycloak
--

ALTER TABLE ONLY keycloak.resource_server_policy
    ADD CONSTRAINT fk_frsrpo213xcx4wnkog82ssrfy FOREIGN KEY (resource_server_id) REFERENCES keycloak.resource_server(id);


--
-- Name: resource_scope fk_frsrpos13xcx4wnkog82ssrfy; Type: FK CONSTRAINT; Schema: keycloak; Owner: keycloak
--

ALTER TABLE ONLY keycloak.resource_scope
    ADD CONSTRAINT fk_frsrpos13xcx4wnkog82ssrfy FOREIGN KEY (resource_id) REFERENCES keycloak.resource_server_resource(id);


--
-- Name: resource_policy fk_frsrpos53xcx4wnkog82ssrfy; Type: FK CONSTRAINT; Schema: keycloak; Owner: keycloak
--

ALTER TABLE ONLY keycloak.resource_policy
    ADD CONSTRAINT fk_frsrpos53xcx4wnkog82ssrfy FOREIGN KEY (resource_id) REFERENCES keycloak.resource_server_resource(id);


--
-- Name: resource_policy fk_frsrpp213xcx4wnkog82ssrfy; Type: FK CONSTRAINT; Schema: keycloak; Owner: keycloak
--

ALTER TABLE ONLY keycloak.resource_policy
    ADD CONSTRAINT fk_frsrpp213xcx4wnkog82ssrfy FOREIGN KEY (policy_id) REFERENCES keycloak.resource_server_policy(id);


--
-- Name: resource_scope fk_frsrps213xcx4wnkog82ssrfy; Type: FK CONSTRAINT; Schema: keycloak; Owner: keycloak
--

ALTER TABLE ONLY keycloak.resource_scope
    ADD CONSTRAINT fk_frsrps213xcx4wnkog82ssrfy FOREIGN KEY (scope_id) REFERENCES keycloak.resource_server_scope(id);


--
-- Name: resource_server_scope fk_frsrso213xcx4wnkog82ssrfy; Type: FK CONSTRAINT; Schema: keycloak; Owner: keycloak
--

ALTER TABLE ONLY keycloak.resource_server_scope
    ADD CONSTRAINT fk_frsrso213xcx4wnkog82ssrfy FOREIGN KEY (resource_server_id) REFERENCES keycloak.resource_server(id);


--
-- Name: composite_role fk_gr7thllb9lu8q4vqa4524jjy8; Type: FK CONSTRAINT; Schema: keycloak; Owner: keycloak
--

ALTER TABLE ONLY keycloak.composite_role
    ADD CONSTRAINT fk_gr7thllb9lu8q4vqa4524jjy8 FOREIGN KEY (child_role) REFERENCES keycloak.keycloak_role(id);


--
-- Name: user_consent_client_scope fk_grntcsnt_clsc_usc; Type: FK CONSTRAINT; Schema: keycloak; Owner: keycloak
--

ALTER TABLE ONLY keycloak.user_consent_client_scope
    ADD CONSTRAINT fk_grntcsnt_clsc_usc FOREIGN KEY (user_consent_id) REFERENCES keycloak.user_consent(id);


--
-- Name: user_consent fk_grntcsnt_user; Type: FK CONSTRAINT; Schema: keycloak; Owner: keycloak
--

ALTER TABLE ONLY keycloak.user_consent
    ADD CONSTRAINT fk_grntcsnt_user FOREIGN KEY (user_id) REFERENCES keycloak.user_entity(id);


--
-- Name: group_attribute fk_group_attribute_group; Type: FK CONSTRAINT; Schema: keycloak; Owner: keycloak
--

ALTER TABLE ONLY keycloak.group_attribute
    ADD CONSTRAINT fk_group_attribute_group FOREIGN KEY (group_id) REFERENCES keycloak.keycloak_group(id);


--
-- Name: group_role_mapping fk_group_role_group; Type: FK CONSTRAINT; Schema: keycloak; Owner: keycloak
--

ALTER TABLE ONLY keycloak.group_role_mapping
    ADD CONSTRAINT fk_group_role_group FOREIGN KEY (group_id) REFERENCES keycloak.keycloak_group(id);


--
-- Name: realm_enabled_event_types fk_h846o4h0w8epx5nwedrf5y69j; Type: FK CONSTRAINT; Schema: keycloak; Owner: keycloak
--

ALTER TABLE ONLY keycloak.realm_enabled_event_types
    ADD CONSTRAINT fk_h846o4h0w8epx5nwedrf5y69j FOREIGN KEY (realm_id) REFERENCES keycloak.realm(id);


--
-- Name: realm_events_listeners fk_h846o4h0w8epx5nxev9f5y69j; Type: FK CONSTRAINT; Schema: keycloak; Owner: keycloak
--

ALTER TABLE ONLY keycloak.realm_events_listeners
    ADD CONSTRAINT fk_h846o4h0w8epx5nxev9f5y69j FOREIGN KEY (realm_id) REFERENCES keycloak.realm(id);


--
-- Name: identity_provider_mapper fk_idpm_realm; Type: FK CONSTRAINT; Schema: keycloak; Owner: keycloak
--

ALTER TABLE ONLY keycloak.identity_provider_mapper
    ADD CONSTRAINT fk_idpm_realm FOREIGN KEY (realm_id) REFERENCES keycloak.realm(id);


--
-- Name: idp_mapper_config fk_idpmconfig; Type: FK CONSTRAINT; Schema: keycloak; Owner: keycloak
--

ALTER TABLE ONLY keycloak.idp_mapper_config
    ADD CONSTRAINT fk_idpmconfig FOREIGN KEY (idp_mapper_id) REFERENCES keycloak.identity_provider_mapper(id);


--
-- Name: web_origins fk_lojpho213xcx4wnkog82ssrfy; Type: FK CONSTRAINT; Schema: keycloak; Owner: keycloak
--

ALTER TABLE ONLY keycloak.web_origins
    ADD CONSTRAINT fk_lojpho213xcx4wnkog82ssrfy FOREIGN KEY (client_id) REFERENCES keycloak.client(id);


--
-- Name: scope_mapping fk_ouse064plmlr732lxjcn1q5f1; Type: FK CONSTRAINT; Schema: keycloak; Owner: keycloak
--

ALTER TABLE ONLY keycloak.scope_mapping
    ADD CONSTRAINT fk_ouse064plmlr732lxjcn1q5f1 FOREIGN KEY (client_id) REFERENCES keycloak.client(id);


--
-- Name: protocol_mapper fk_pcm_realm; Type: FK CONSTRAINT; Schema: keycloak; Owner: keycloak
--

ALTER TABLE ONLY keycloak.protocol_mapper
    ADD CONSTRAINT fk_pcm_realm FOREIGN KEY (client_id) REFERENCES keycloak.client(id);


--
-- Name: credential fk_pfyr0glasqyl0dei3kl69r6v0; Type: FK CONSTRAINT; Schema: keycloak; Owner: keycloak
--

ALTER TABLE ONLY keycloak.credential
    ADD CONSTRAINT fk_pfyr0glasqyl0dei3kl69r6v0 FOREIGN KEY (user_id) REFERENCES keycloak.user_entity(id);


--
-- Name: protocol_mapper_config fk_pmconfig; Type: FK CONSTRAINT; Schema: keycloak; Owner: keycloak
--

ALTER TABLE ONLY keycloak.protocol_mapper_config
    ADD CONSTRAINT fk_pmconfig FOREIGN KEY (protocol_mapper_id) REFERENCES keycloak.protocol_mapper(id);


--
-- Name: default_client_scope fk_r_def_cli_scope_realm; Type: FK CONSTRAINT; Schema: keycloak; Owner: keycloak
--

ALTER TABLE ONLY keycloak.default_client_scope
    ADD CONSTRAINT fk_r_def_cli_scope_realm FOREIGN KEY (realm_id) REFERENCES keycloak.realm(id);


--
-- Name: required_action_provider fk_req_act_realm; Type: FK CONSTRAINT; Schema: keycloak; Owner: keycloak
--

ALTER TABLE ONLY keycloak.required_action_provider
    ADD CONSTRAINT fk_req_act_realm FOREIGN KEY (realm_id) REFERENCES keycloak.realm(id);


--
-- Name: resource_uris fk_resource_server_uris; Type: FK CONSTRAINT; Schema: keycloak; Owner: keycloak
--

ALTER TABLE ONLY keycloak.resource_uris
    ADD CONSTRAINT fk_resource_server_uris FOREIGN KEY (resource_id) REFERENCES keycloak.resource_server_resource(id);


--
-- Name: role_attribute fk_role_attribute_id; Type: FK CONSTRAINT; Schema: keycloak; Owner: keycloak
--

ALTER TABLE ONLY keycloak.role_attribute
    ADD CONSTRAINT fk_role_attribute_id FOREIGN KEY (role_id) REFERENCES keycloak.keycloak_role(id);


--
-- Name: realm_supported_locales fk_supported_locales_realm; Type: FK CONSTRAINT; Schema: keycloak; Owner: keycloak
--

ALTER TABLE ONLY keycloak.realm_supported_locales
    ADD CONSTRAINT fk_supported_locales_realm FOREIGN KEY (realm_id) REFERENCES keycloak.realm(id);


--
-- Name: user_federation_config fk_t13hpu1j94r2ebpekr39x5eu5; Type: FK CONSTRAINT; Schema: keycloak; Owner: keycloak
--

ALTER TABLE ONLY keycloak.user_federation_config
    ADD CONSTRAINT fk_t13hpu1j94r2ebpekr39x5eu5 FOREIGN KEY (user_federation_provider_id) REFERENCES keycloak.user_federation_provider(id);


--
-- Name: user_group_membership fk_user_group_user; Type: FK CONSTRAINT; Schema: keycloak; Owner: keycloak
--

ALTER TABLE ONLY keycloak.user_group_membership
    ADD CONSTRAINT fk_user_group_user FOREIGN KEY (user_id) REFERENCES keycloak.user_entity(id);


--
-- Name: policy_config fkdc34197cf864c4e43; Type: FK CONSTRAINT; Schema: keycloak; Owner: keycloak
--

ALTER TABLE ONLY keycloak.policy_config
    ADD CONSTRAINT fkdc34197cf864c4e43 FOREIGN KEY (policy_id) REFERENCES keycloak.resource_server_policy(id);


--
-- Name: identity_provider_config fkdc4897cf864c4e43; Type: FK CONSTRAINT; Schema: keycloak; Owner: keycloak
--

ALTER TABLE ONLY keycloak.identity_provider_config
    ADD CONSTRAINT fkdc4897cf864c4e43 FOREIGN KEY (identity_provider_id) REFERENCES keycloak.identity_provider(internal_id);


--
-- PostgreSQL database dump complete
--

